Workbook
Name band_name: Lookups!$B$19:$B$23
Name band_start: Lookups!$A$19:$A$23
Name f_atemp: Final_Dataset!$K$2:$K$1001
Name f_casual: Final_Dataset!$N$2:$N$1001
Name f_Casual_Share: Final_Dataset!$AC$2:$AC$1001
Name f_cnt: Final_Dataset!$P$2:$P$1001
Name f_DateTime: Final_Dataset!$R$2:$R$1001
Name f_Day_Name: Final_Dataset!$T$2:$T$1001
Name f_Day_Type: Final_Dataset!$U$2:$U$1001
Name f_Demand_Level: Final_Dataset!$AD$2:$AD$1001
Name f_dteday: Final_Dataset!$B$2:$B$1001
Name f_holiday: Final_Dataset!$G$2:$G$1001
Name f_hr: Final_Dataset!$F$2:$F$1001
Name f_hum: Final_Dataset!$L$2:$L$1001
Name f_Humidity_Band: Final_Dataset!$AA$2:$AA$1001
Name f_Month: Final_Dataset!$S$2:$S$1001
Name f_Peak_Hour: Final_Dataset!$AB$2:$AB$1001
Name f_Record_ID: Final_Dataset!$Q$2:$Q$1001
Name f_registered: Final_Dataset!$O$2:$O$1001
Name f_Season_Name: Final_Dataset!$W$2:$W$1001
Name f_temp: Final_Dataset!$J$2:$J$1001
Name f_Temp_Band: Final_Dataset!$Z$2:$Z$1001
Name f_Time_Band: Final_Dataset!$Y$2:$Y$1001
Name f_Visible: Final_Dataset!$AE$2:$AE$1001
Name f_Weather: Final_Dataset!$X$2:$X$1001
Name f_weathersit: Final_Dataset!$I$2:$I$1001
Name f_weekday: Final_Dataset!$H$2:$H$1001
Name f_windspeed: Final_Dataset!$M$2:$M$1001
Name f_Working_Day: Final_Dataset!$V$2:$V$1001
Name hum_band: Lookups!$B$33:$B$35
Name hum_from: Lookups!$A$33:$A$35
Name NativeTimeline_dteday: #N/A
Name Slicer_Day_Type: #N/A
Name Slicer_Weather: #N/A
Name tbl_season: Lookups!$A$12:$B$15
Name tbl_weather: Lookups!$A$5:$B$8
Name temp_band: Lookups!$B$27:$B$29
Name temp_from: Lookups!$A$27:$A$29

Sheet Cover
B2: Bike Sharing Demand Analysis
B3: NextHikes IT Solutions | Data Analysis with Excel
B7: Problem statement | C7: Understand how weather, time and holidays affect hourly bike rentals, and turn the findings into decisions for fleet availability, staffing and marketing.
B8: Data | C8: Three source files: Dataset 1 (time & weather, 610 rows), Dataset 2 (feels-like temp, humidity, wind, rentals, 610 rows), Dataset 3 (all fields, 390 rows). Combined: 1,000 hourly records, 1 Jan–14 Feb 2011.
B9: Data flow | C9: Dataset_1 + Dataset_2 → (merge on instant) → Dataset_A → (append Dataset_3) → Final_Dataset → Analysis / Stats / Anomalies / Forecast → Dashboard
B11: Sheet guide
B12: Dashboard | C12: Interactive one-page view: KPI cards, filters (day type, weather, month, time band, date range), charts, funnel and heatmap.
B13: Insights | C13: Key findings, recommendations and limitations in plain language.
B14: Analysis | C14: Pivot-style summaries by hour, weekday, working day, weather, time band, temperature, humidity, month and day, each with a chart.
B15: Stats | C15: Basic and text functions, COUNTIF/SUMIF, descriptive statistics and the correlation matrix.
B16: Anomalies | C16: Z-score anomaly detection per hour of day, with an adjustable threshold.
B17: Forecast | C17: 48-hour FORECAST.ETS forecast with a 95% confidence band and accuracy statistics.
B18: Final_Dataset | C18: Clean merged table (1,000 × 31) with engineered features. Excel Table "tblFinal".
B19: Dataset_A | C19: Dataset 1 merged with Dataset 2 on instant (INDEX/MATCH).
B20: Dataset_1 | C20: Source dataset 1, checked.
B21: Dataset_2 | C21: Source dataset 2, cleaned (index column removed, 11 blanks filled).
B22: Dataset_3 | C22: Source dataset 3, sorted and checked.
B23: Data_Quality | C23: Checks at every stage, cleaning steps and a small study of each dataset.
... B25: Dashboard_Calc | C25: Behind-the-scenes calculations for the Dashboard.
B27: Reading tips
C28: • Cells with a small red triangle have a comment: hover over them to read what the data means.
C29: • Blue numbers on a yellow background are inputs you can change (thresholds, forecast settings).
C30: • Green text marks values that were filled during cleaning.
C31: • Optional in Excel: select any cell in Final_Dataset > Table Design > Insert Slicer to add slicers; the Dashboard follows them through the Visible column.

Sheet Dashboard
C2: BIKE SHARING DEMAND DASHBOARD
C3: NextHikes IT Solutions | Hourly bike rentals, 1 Jan – 14 Feb 2011 | 1,000 records | Pick a filter below: every number, chart and the heatmap updates
B5: DAY TYPE | H5: WEATHER | N5: MONTH | T5: TIME BAND | Z5: FROM DATE | AF5: TO DATE | AL5: ▲ white boxes are filters
B6: All | H6: All | N6: All | T6: All | Z6: 40544 | AF6: 40588
C8: TOTAL RENTALS | H8: REGISTERED | M8: CASUAL | R8: AVG / HOUR | W8: PEAK HOUR | AB8: BUSIEST DAY | AG8: RAIN IMPACT | AL8: ANOMALIES
C9: =Dashboard_Calc!B13 -> 58304 | H9: =Dashboard_Calc!B14 -> 53383 | M9: =Dashboard_Calc!B15 -> 4921 | R9: =Dashboard_Calc!B17 -> 58.304 | W9: =Dashboard_Calc!B20 -> 5 PM | AB9: =Dashboard_Calc!B22 -> Thu | AG9: =Dashboard_Calc!B25 -> -0.46162623 | AL9: =Dashboard_Calc!B26 -> 7
B11: =TEXT(Dashboard_Calc!B16,"#,##0")&" hours in view" -> 1,000 hours in view | G11: =TEXT(Dashboard_Calc!B18,"0.0%")&" of rentals" -> 91.6% of rentals | L11: =TEXT(Dashboard_Calc!B19,"0.0%")&" of rentals" -> 8.4% of rentals | Q11: ="peak hours = "&TEXT(Dashboard_Calc!B27,"0%")&" of rentals" -> peak hours = 44% of rentals | V11: ="avg "&TEXT(Dashboard_Calc!B21,"0")&" rentals" -> avg 140 rentals | AA11: ="avg "&TEXT(Dashboard_Calc!B23,"0")&" / hour" -> avg 68 / hour | AF11: ="light rain vs clear" -> light rain vs clear | AK11: ="hours with Z-score ≥ "&Anomalies!B4 -> hours with Z-score ≥ 3
B13: Demand by Hour of Day | L13: Demand by Day of Week | V13: Daily Rentals Trend | AF13: Demand by Weather
B29: Heatmap: average rentals by day and hour (darker = busier) | AF29: Commute Funnel
C30: Hour → | D30: 0 | E30: 1 | F30: 2 | G30: 3 | H30: 4 | I30: 5 | J30: 6 | K30: 7 | L30: 8 | M30: 9 | N30: 10 | O30: 11 | P30: 12 | Q30: 13 | R30: 14 | S30: 15 | T30: 16 | U30: 17 | V30: 18 | W30: 19 | X30: 20 | Y30: 21 | Z30: 22 | AA30: 23
C31: Mon | D31: =IFERROR(AVERAGEIFS(f_cnt,f_Day_Type,Dashboard_Calc!$B$5,f_Weather,Dashboard_Calc!$B$6,f_Month,Dashboard_Calc!$B$7,f_Time_Band,Dashboard_Calc!$B$8,f_dteday,">="&Dashboard_Calc!$B$9,f_dteday,"<="&Dashboard_Calc!$B$10,f_Visible,1,f_hr,D$30,f_Day_Name,$C31),0) -> 9.5714286 | E31: =IFERROR(AVERAGEIFS(f_cnt,f_Day_Type,Dashboard_Calc!$B$5,f_Weather,Dashboard_Calc!$B$6,f_Month,Dashboard_Calc!$B$7,f_Time_Band,Dashboard_Calc!$B$8,f_dteday,">="&Dashboard_Calc!$B$9,f_dteday,"<="&Dashboard_Calc!$B$10,f_Visible,1,f_hr,E$30,f_Day_Name,$C31),0) -> 5.5714286 | F31: =IFERROR(AVERAGEIFS(f_cnt,f_Day_Type,Dashboard_Calc!$B$5,f_Weather,Dashboard_Calc!$B$6,f_Month,Dashboard_Calc!$B$7,f_Time_Band,Dashboard_Calc!$B$8,f_dteday,">="&Dashboard_Calc!$B$9,f_dteday,"<="&Dashboard_Calc!$B$10,f_Visible,1,f_hr,F$30,f_Day_Name,$C31),0) -> 3.4 | G31: =IFERROR(AVERAGEIFS(f_cnt,f_Day_Type,Dashboard_Calc!$B$5,f_Weather,Dashboard_Calc!$B$6,f_Month,Dashboard_Calc!$B$7,f_Time_Band,Dashboard_Calc!$B$8,f_dteday,">="&Dashboard_Calc!$B$9,f_dteday,"<="&Dashboard_Calc!$B$10,f_Visible,1,f_hr,G$30,f_Day_Name,$C31),0) -> 1.5 | H31: =IFERROR(AVERAGEIFS(f_cnt,f_Day_Type,Dashboard_Calc!$B$5,f_Weather,Dashboard_Calc!$B$6,f_Month,Dashboard_Calc!$B$7,f_Time_Band,Dashboard_Calc!$B$8,f_dteday,">="&Dashboard_Calc!$B$9,f_dteday,"<="&Dashboard_Calc!$B$10,f_Visible,1,f_hr,H$30,f_Day_Name,$C31),0) -> 2 | I31: =IFERROR(AVERAGEIFS(f_cnt,f_Day_Type,Dashboard_Calc!$B$5,f_Weather,Dashboard_Calc!$B$6,f_Month,Dashboard_Calc!$B$7,f_Time_Band,Dashboard_Calc!$B$8,f_dteday,">="&Dashboard_Calc!$B$9,f_dteday,"<="&Dashboard_Calc!$B$10,f_Visible,1,f_hr,I$30,f_Day_Name,$C31),0) -> 4.7142857 | J31: =IFERROR(AVERAGEIFS(f_cnt,f_Day_Type,Dashboard_Calc!$B$5,f_Weather,Dashboard_Calc!$B$6,f_Month,Dashboard_Calc!$B$7,f_Time_Band,Dashboard_Calc!$B$8,f_dteday,">="&Dashboard_Calc!$B$9,f_dteday,"<="&Dashboard_Calc!$B$10,f_Visible,1,f_hr,J$30,f_Day_Name,$C31),0) -> 24.857143 | K31: =IFERROR(AVERAGEIFS(f_cnt,f_Day_Type,Dashboard_Calc!$B$5,f_Weather,Dashboard_Calc!$B$6,f_Month,Dashboard_Calc!$B$7,f_Time_Band,Dashboard_Calc!$B$8,f_dteday,">="&Dashboard_Calc!$B$9,f_dteday,"<="&Dashboard_Calc!$B$10,f_Visible,1,f_hr,K$30,f_Day_Name,$C31),0) -> 71.857143 | ... AA31: =IFERROR(AVERAGEIFS(f_cnt,f_Day_Type,Dashboard_Calc!$B$5,f_Weather,Dashboard_Calc!$B$6,f_Month,Dashboard_Calc!$B$7,f_Time_Band,Dashboard_Calc!$B$8,f_dteday,">="&Dashboard_Calc!$B$9,f_dteday,"<="&Dashboard_Calc!$B$10,f_Visible,1,f_hr,AA$30,f_Day_Name,$C31),0) -> 16.666667 | AB31: Weekday commute peaks
C32: Tue | D32: =IFERROR(AVERAGEIFS(f_cnt,f_Day_Type,Dashboard_Calc!$B$5,f_Weather,Dashboard_Calc!$B$6,f_Month,Dashboard_Calc!$B$7,f_Time_Band,Dashboard_Calc!$B$8,f_dteday,">="&Dashboard_Calc!$B$9,f_dteday,"<="&Dashboard_Calc!$B$10,f_Visible,1,f_hr,D$30,f_Day_Name,$C32),0) -> 8.8 | E32: =IFERROR(AVERAGEIFS(f_cnt,f_Day_Type,Dashboard_Calc!$B$5,f_Weather,Dashboard_Calc!$B$6,f_Month,Dashboard_Calc!$B$7,f_Time_Band,Dashboard_Calc!$B$8,f_dteday,">="&Dashboard_Calc!$B$9,f_dteday,"<="&Dashboard_Calc!$B$10,f_Visible,1,f_hr,E$30,f_Day_Name,$C32),0) -> 3.4 | F32: =IFERROR(AVERAGEIFS(f_cnt,f_Day_Type,Dashboard_Calc!$B$5,f_Weather,Dashboard_Calc!$B$6,f_Month,Dashboard_Calc!$B$7,f_Time_Band,Dashboard_Calc!$B$8,f_dteday,">="&Dashboard_Calc!$B$9,f_dteday,"<="&Dashboard_Calc!$B$10,f_Visible,1,f_hr,F$30,f_Day_Name,$C32),0) -> 2 | G32: =IFERROR(AVERAGEIFS(f_cnt,f_Day_Type,Dashboard_Calc!$B$5,f_Weather,Dashboard_Calc!$B$6,f_Month,Dashboard_Calc!$B$7,f_Time_Band,Dashboard_Calc!$B$8,f_dteday,">="&Dashboard_Calc!$B$9,f_dteday,"<="&Dashboard_Calc!$B$10,f_Visible,1,f_hr,G$30,f_Day_Name,$C32),0) -> 1.5 | H32: =IFERROR(AVERAGEIFS(f_cnt,f_Day_Type,Dashboard_Calc!$B$5,f_Weather,Dashboard_Calc!$B$6,f_Month,Dashboard_Calc!$B$7,f_Time_Band,Dashboard_Calc!$B$8,f_dteday,">="&Dashboard_Calc!$B$9,f_dteday,"<="&Dashboard_Calc!$B$10,f_Visible,1,f_hr,H$30,f_Day_Name,$C32),0) -> 2 | I32: =IFERROR(AVERAGEIFS(f_cnt,f_Day_Type,Dashboard_Calc!$B$5,f_Weather,Dashboard_Calc!$B$6,f_Month,Dashboard_Calc!$B$7,f_Time_Band,Dashboard_Calc!$B$8,f_dteday,">="&Dashboard_Calc!$B$9,f_dteday,"<="&Dashboard_Calc!$B$10,f_Visible,1,f_hr,I$30,f_Day_Name,$C32),0) -> 4.8 | J32: =IFERROR(AVERAGEIFS(f_cnt,f_Day_Type,Dashboard_Calc!$B$5,f_Weather,Dashboard_Calc!$B$6,f_Month,Dashboard_Calc!$B$7,f_Time_Band,Dashboard_Calc!$B$8,f_dteday,">="&Dashboard_Calc!$B$9,f_dteday,"<="&Dashboard_Calc!$B$10,f_Visible,1,f_hr,J$30,f_Day_Name,$C32),0) -> 32 | K32: =IFERROR(AVERAGEIFS(f_cnt,f_Day_Type,Dashboard_Calc!$B$5,f_Weather,Dashboard_Calc!$B$6,f_Month,Dashboard_Calc!$B$7,f_Time_Band,Dashboard_Calc!$B$8,f_dteday,">="&Dashboard_Calc!$B$9,f_dteday,"<="&Dashboard_Calc!$B$10,f_Visible,1,f_hr,K$30,f_Day_Name,$C32),0) -> 90.6 | ... AA32: =IFERROR(AVERAGEIFS(f_cnt,f_Day_Type,Dashboard_Calc!$B$5,f_Weather,Dashboard_Calc!$B$6,f_Month,Dashboard_Calc!$B$7,f_Time_Band,Dashboard_Calc!$B$8,f_dteday,">="&Dashboard_Calc!$B$9,f_dteday,"<="&Dashboard_Calc!$B$10,f_Visible,1,f_hr,AA$30,f_Day_Name,$C32),0) -> 19.666667
C33: Wed | D33: =IFERROR(AVERAGEIFS(f_cnt,f_Day_Type,Dashboard_Calc!$B$5,f_Weather,Dashboard_Calc!$B$6,f_Month,Dashboard_Calc!$B$7,f_Time_Band,Dashboard_Calc!$B$8,f_dteday,">="&Dashboard_Calc!$B$9,f_dteday,"<="&Dashboard_Calc!$B$10,f_Visible,1,f_hr,D$30,f_Day_Name,$C33),0) -> 8.6666667 | E33: =IFERROR(AVERAGEIFS(f_cnt,f_Day_Type,Dashboard_Calc!$B$5,f_Weather,Dashboard_Calc!$B$6,f_Month,Dashboard_Calc!$B$7,f_Time_Band,Dashboard_Calc!$B$8,f_dteday,">="&Dashboard_Calc!$B$9,f_dteday,"<="&Dashboard_Calc!$B$10,f_Visible,1,f_hr,E$30,f_Day_Name,$C33),0) -> 5.6666667 | F33: =IFERROR(AVERAGEIFS(f_cnt,f_Day_Type,Dashboard_Calc!$B$5,f_Weather,Dashboard_Calc!$B$6,f_Month,Dashboard_Calc!$B$7,f_Time_Band,Dashboard_Calc!$B$8,f_dteday,">="&Dashboard_Calc!$B$9,f_dteday,"<="&Dashboard_Calc!$B$10,f_Visible,1,f_hr,F$30,f_Day_Name,$C33),0) -> 3.8333333 | G33: =IFERROR(AVERAGEIFS(f_cnt,f_Day_Type,Dashboard_Calc!$B$5,f_Weather,Dashboard_Calc!$B$6,f_Month,Dashboard_Calc!$B$7,f_Time_Band,Dashboard_Calc!$B$8,f_dteday,">="&Dashboard_Calc!$B$9,f_dteday,"<="&Dashboard_Calc!$B$10,f_Visible,1,f_hr,G$30,f_Day_Name,$C33),0) -> 1.5 | H33: =IFERROR(AVERAGEIFS(f_cnt,f_Day_Type,Dashboard_Calc!$B$5,f_Weather,Dashboard_Calc!$B$6,f_Month,Dashboard_Calc!$B$7,f_Time_Band,Dashboard_Calc!$B$8,f_dteday,">="&Dashboard_Calc!$B$9,f_dteday,"<="&Dashboard_Calc!$B$10,f_Visible,1,f_hr,H$30,f_Day_Name,$C33),0) -> 1.6666667 | I33: =IFERROR(AVERAGEIFS(f_cnt,f_Day_Type,Dashboard_Calc!$B$5,f_Weather,Dashboard_Calc!$B$6,f_Month,Dashboard_Calc!$B$7,f_Time_Band,Dashboard_Calc!$B$8,f_dteday,">="&Dashboard_Calc!$B$9,f_dteday,"<="&Dashboard_Calc!$B$10,f_Visible,1,f_hr,I$30,f_Day_Name,$C33),0) -> 4.3333333 | J33: =IFERROR(AVERAGEIFS(f_cnt,f_Day_Type,Dashboard_Calc!$B$5,f_Weather,Dashboard_Calc!$B$6,f_Month,Dashboard_Calc!$B$7,f_Time_Band,Dashboard_Calc!$B$8,f_dteday,">="&Dashboard_Calc!$B$9,f_dteday,"<="&Dashboard_Calc!$B$10,f_Visible,1,f_hr,J$30,f_Day_Name,$C33),0) -> 25 | K33: =IFERROR(AVERAGEIFS(f_cnt,f_Day_Type,Dashboard_Calc!$B$5,f_Weather,Dashboard_Calc!$B$6,f_Month,Dashboard_Calc!$B$7,f_Time_Band,Dashboard_Calc!$B$8,f_dteday,">="&Dashboard_Calc!$B$9,f_dteday,"<="&Dashboard_Calc!$B$10,f_Visible,1,f_hr,K$30,f_Day_Name,$C33),0) -> 68.333333 | ... AA33: =IFERROR(AVERAGEIFS(f_cnt,f_Day_Type,Dashboard_Calc!$B$5,f_Weather,Dashboard_Calc!$B$6,f_Month,Dashboard_Calc!$B$7,f_Time_Band,Dashboard_Calc!$B$8,f_dteday,">="&Dashboard_Calc!$B$9,f_dteday,"<="&Dashboard_Calc!$B$10,f_Visible,1,f_hr,AA$30,f_Day_Name,$C33),0) -> 27.2
C34: Thu | D34: =IFERROR(AVERAGEIFS(f_cnt,f_Day_Type,Dashboard_Calc!$B$5,f_Weather,Dashboard_Calc!$B$6,f_Month,Dashboard_Calc!$B$7,f_Time_Band,Dashboard_Calc!$B$8,f_dteday,">="&Dashboard_Calc!$B$9,f_dteday,"<="&Dashboard_Calc!$B$10,f_Visible,1,f_hr,D$30,f_Day_Name,$C34),0) -> 11.8 | E34: =IFERROR(AVERAGEIFS(f_cnt,f_Day_Type,Dashboard_Calc!$B$5,f_Weather,Dashboard_Calc!$B$6,f_Month,Dashboard_Calc!$B$7,f_Time_Band,Dashboard_Calc!$B$8,f_dteday,">="&Dashboard_Calc!$B$9,f_dteday,"<="&Dashboard_Calc!$B$10,f_Visible,1,f_hr,E$30,f_Day_Name,$C34),0) -> 4.6 | F34: =IFERROR(AVERAGEIFS(f_cnt,f_Day_Type,Dashboard_Calc!$B$5,f_Weather,Dashboard_Calc!$B$6,f_Month,Dashboard_Calc!$B$7,f_Time_Band,Dashboard_Calc!$B$8,f_dteday,">="&Dashboard_Calc!$B$9,f_dteday,"<="&Dashboard_Calc!$B$10,f_Visible,1,f_hr,F$30,f_Day_Name,$C34),0) -> 2.2 | G34: =IFERROR(AVERAGEIFS(f_cnt,f_Day_Type,Dashboard_Calc!$B$5,f_Weather,Dashboard_Calc!$B$6,f_Month,Dashboard_Calc!$B$7,f_Time_Band,Dashboard_Calc!$B$8,f_dteday,">="&Dashboard_Calc!$B$9,f_dteday,"<="&Dashboard_Calc!$B$10,f_Visible,1,f_hr,G$30,f_Day_Name,$C34),0) -> 1.6666667 | H34: =IFERROR(AVERAGEIFS(f_cnt,f_Day_Type,Dashboard_Calc!$B$5,f_Weather,Dashboard_Calc!$B$6,f_Month,Dashboard_Calc!$B$7,f_Time_Band,Dashboard_Calc!$B$8,f_dteday,">="&Dashboard_Calc!$B$9,f_dteday,"<="&Dashboard_Calc!$B$10,f_Visible,1,f_hr,H$30,f_Day_Name,$C34),0) -> 1.75 | I34: =IFERROR(AVERAGEIFS(f_cnt,f_Day_Type,Dashboard_Calc!$B$5,f_Weather,Dashboard_Calc!$B$6,f_Month,Dashboard_Calc!$B$7,f_Time_Band,Dashboard_Calc!$B$8,f_dteday,">="&Dashboard_Calc!$B$9,f_dteday,"<="&Dashboard_Calc!$B$10,f_Visible,1,f_hr,I$30,f_Day_Name,$C34),0) -> 4.2 | J34: =IFERROR(AVERAGEIFS(f_cnt,f_Day_Type,Dashboard_Calc!$B$5,f_Weather,Dashboard_Calc!$B$6,f_Month,Dashboard_Calc!$B$7,f_Time_Band,Dashboard_Calc!$B$8,f_dteday,">="&Dashboard_Calc!$B$9,f_dteday,"<="&Dashboard_Calc!$B$10,f_Visible,1,f_hr,J$30,f_Day_Name,$C34),0) -> 32.8 | K34: =IFERROR(AVERAGEIFS(f_cnt,f_Day_Type,Dashboard_Calc!$B$5,f_Weather,Dashboard_Calc!$B$6,f_Month,Dashboard_Calc!$B$7,f_Time_Band,Dashboard_Calc!$B$8,f_dteday,">="&Dashboard_Calc!$B$9,f_dteday,"<="&Dashboard_Calc!$B$10,f_Visible,1,f_hr,K$30,f_Day_Name,$C34),0) -> 90.8 | ... AA34: =IFERROR(AVERAGEIFS(f_cnt,f_Day_Type,Dashboard_Calc!$B$5,f_Weather,Dashboard_Calc!$B$6,f_Month,Dashboard_Calc!$B$7,f_Time_Band,Dashboard_Calc!$B$8,f_dteday,">="&Dashboard_Calc!$B$9,f_dteday,"<="&Dashboard_Calc!$B$10,f_Visible,1,f_hr,AA$30,f_Day_Name,$C34),0) -> 26.166667
C35: Fri | D35: =IFERROR(AVERAGEIFS(f_cnt,f_Day_Type,Dashboard_Calc!$B$5,f_Weather,Dashboard_Calc!$B$6,f_Month,Dashboard_Calc!$B$7,f_Time_Band,Dashboard_Calc!$B$8,f_dteday,">="&Dashboard_Calc!$B$9,f_dteday,"<="&Dashboard_Calc!$B$10,f_Visible,1,f_hr,D$30,f_Day_Name,$C35),0) -> 14.666667 | E35: =IFERROR(AVERAGEIFS(f_cnt,f_Day_Type,Dashboard_Calc!$B$5,f_Weather,Dashboard_Calc!$B$6,f_Month,Dashboard_Calc!$B$7,f_Time_Band,Dashboard_Calc!$B$8,f_dteday,">="&Dashboard_Calc!$B$9,f_dteday,"<="&Dashboard_Calc!$B$10,f_Visible,1,f_hr,E$30,f_Day_Name,$C35),0) -> 5.8333333 | F35: =IFERROR(AVERAGEIFS(f_cnt,f_Day_Type,Dashboard_Calc!$B$5,f_Weather,Dashboard_Calc!$B$6,f_Month,Dashboard_Calc!$B$7,f_Time_Band,Dashboard_Calc!$B$8,f_dteday,">="&Dashboard_Calc!$B$9,f_dteday,"<="&Dashboard_Calc!$B$10,f_Visible,1,f_hr,F$30,f_Day_Name,$C35),0) -> 1.6666667 | G35: =IFERROR(AVERAGEIFS(f_cnt,f_Day_Type,Dashboard_Calc!$B$5,f_Weather,Dashboard_Calc!$B$6,f_Month,Dashboard_Calc!$B$7,f_Time_Band,Dashboard_Calc!$B$8,f_dteday,">="&Dashboard_Calc!$B$9,f_dteday,"<="&Dashboard_Calc!$B$10,f_Visible,1,f_hr,G$30,f_Day_Name,$C35),0) -> 1 | H35: =IFERROR(AVERAGEIFS(f_cnt,f_Day_Type,Dashboard_Calc!$B$5,f_Weather,Dashboard_Calc!$B$6,f_Month,Dashboard_Calc!$B$7,f_Time_Band,Dashboard_Calc!$B$8,f_dteday,">="&Dashboard_Calc!$B$9,f_dteday,"<="&Dashboard_Calc!$B$10,f_Visible,1,f_hr,H$30,f_Day_Name,$C35),0) -> 1 | I35: =IFERROR(AVERAGEIFS(f_cnt,f_Day_Type,Dashboard_Calc!$B$5,f_Weather,Dashboard_Calc!$B$6,f_Month,Dashboard_Calc!$B$7,f_Time_Band,Dashboard_Calc!$B$8,f_dteday,">="&Dashboard_Calc!$B$9,f_dteday,"<="&Dashboard_Calc!$B$10,f_Visible,1,f_hr,I$30,f_Day_Name,$C35),0) -> 5.5 | J35: =IFERROR(AVERAGEIFS(f_cnt,f_Day_Type,Dashboard_Calc!$B$5,f_Weather,Dashboard_Calc!$B$6,f_Month,Dashboard_Calc!$B$7,f_Time_Band,Dashboard_Calc!$B$8,f_dteday,">="&Dashboard_Calc!$B$9,f_dteday,"<="&Dashboard_Calc!$B$10,f_Visible,1,f_hr,J$30,f_Day_Name,$C35),0) -> 24.333333 | K35: =IFERROR(AVERAGEIFS(f_cnt,f_Day_Type,Dashboard_Calc!$B$5,f_Weather,Dashboard_Calc!$B$6,f_Month,Dashboard_Calc!$B$7,f_Time_Band,Dashboard_Calc!$B$8,f_dteday,">="&Dashboard_Calc!$B$9,f_dteday,"<="&Dashboard_Calc!$B$10,f_Visible,1,f_hr,K$30,f_Day_Name,$C35),0) -> 73.833333 | ... AA35: =IFERROR(AVERAGEIFS(f_cnt,f_Day_Type,Dashboard_Calc!$B$5,f_Weather,Dashboard_Calc!$B$6,f_Month,Dashboard_Calc!$B$7,f_Time_Band,Dashboard_Calc!$B$8,f_dteday,">="&Dashboard_Calc!$B$9,f_dteday,"<="&Dashboard_Calc!$B$10,f_Visible,1,f_hr,AA$30,f_Day_Name,$C35),0) -> 29.333333
C36: Sat | D36: =IFERROR(AVERAGEIFS(f_cnt,f_Day_Type,Dashboard_Calc!$B$5,f_Weather,Dashboard_Calc!$B$6,f_Month,Dashboard_Calc!$B$7,f_Time_Band,Dashboard_Calc!$B$8,f_dteday,">="&Dashboard_Calc!$B$9,f_dteday,"<="&Dashboard_Calc!$B$10,f_Visible,1,f_hr,D$30,f_Day_Name,$C36),0) -> 25.571429 | E36: =IFERROR(AVERAGEIFS(f_cnt,f_Day_Type,Dashboard_Calc!$B$5,f_Weather,Dashboard_Calc!$B$6,f_Month,Dashboard_Calc!$B$7,f_Time_Band,Dashboard_Calc!$B$8,f_dteday,">="&Dashboard_Calc!$B$9,f_dteday,"<="&Dashboard_Calc!$B$10,f_Visible,1,f_hr,E$30,f_Day_Name,$C36),0) -> 21.428571 | F36: =IFERROR(AVERAGEIFS(f_cnt,f_Day_Type,Dashboard_Calc!$B$5,f_Weather,Dashboard_Calc!$B$6,f_Month,Dashboard_Calc!$B$7,f_Time_Band,Dashboard_Calc!$B$8,f_dteday,">="&Dashboard_Calc!$B$9,f_dteday,"<="&Dashboard_Calc!$B$10,f_Visible,1,f_hr,F$30,f_Day_Name,$C36),0) -> 16.857143 | G36: =IFERROR(AVERAGEIFS(f_cnt,f_Day_Type,Dashboard_Calc!$B$5,f_Weather,Dashboard_Calc!$B$6,f_Month,Dashboard_Calc!$B$7,f_Time_Band,Dashboard_Calc!$B$8,f_dteday,">="&Dashboard_Calc!$B$9,f_dteday,"<="&Dashboard_Calc!$B$10,f_Visible,1,f_hr,G$30,f_Day_Name,$C36),0) -> 9.1428571 | H36: =IFERROR(AVERAGEIFS(f_cnt,f_Day_Type,Dashboard_Calc!$B$5,f_Weather,Dashboard_Calc!$B$6,f_Month,Dashboard_Calc!$B$7,f_Time_Band,Dashboard_Calc!$B$8,f_dteday,">="&Dashboard_Calc!$B$9,f_dteday,"<="&Dashboard_Calc!$B$10,f_Visible,1,f_hr,H$30,f_Day_Name,$C36),0) -> 3.5714286 | I36: =IFERROR(AVERAGEIFS(f_cnt,f_Day_Type,Dashboard_Calc!$B$5,f_Weather,Dashboard_Calc!$B$6,f_Month,Dashboard_Calc!$B$7,f_Time_Band,Dashboard_Calc!$B$8,f_dteday,">="&Dashboard_Calc!$B$9,f_dteday,"<="&Dashboard_Calc!$B$10,f_Visible,1,f_hr,I$30,f_Day_Name,$C36),0) -> 3.4 | J36: =IFERROR(AVERAGEIFS(f_cnt,f_Day_Type,Dashboard_Calc!$B$5,f_Weather,Dashboard_Calc!$B$6,f_Month,Dashboard_Calc!$B$7,f_Time_Band,Dashboard_Calc!$B$8,f_dteday,">="&Dashboard_Calc!$B$9,f_dteday,"<="&Dashboard_Calc!$B$10,f_Visible,1,f_hr,J$30,f_Day_Name,$C36),0) -> 2.4285714 | K36: =IFERROR(AVERAGEIFS(f_cnt,f_Day_Type,Dashboard_Calc!$B$5,f_Weather,Dashboard_Calc!$B$6,f_Month,Dashboard_Calc!$B$7,f_Time_Band,Dashboard_Calc!$B$8,f_dteday,">="&Dashboard_Calc!$B$9,f_dteday,"<="&Dashboard_Calc!$B$10,f_Visible,1,f_hr,K$30,f_Day_Name,$C36),0) -> 7.1428571 | ... AA36: =IFERROR(AVERAGEIFS(f_cnt,f_Day_Type,Dashboard_Calc!$B$5,f_Weather,Dashboard_Calc!$B$6,f_Month,Dashboard_Calc!$B$7,f_Time_Band,Dashboard_Calc!$B$8,f_dteday,">="&Dashboard_Calc!$B$9,f_dteday,"<="&Dashboard_Calc!$B$10,f_Visible,1,f_hr,AA$30,f_Day_Name,$C36),0) -> 37.428571 | AB36: Weekend midday leisure
C37: Sun | D37: =IFERROR(AVERAGEIFS(f_cnt,f_Day_Type,Dashboard_Calc!$B$5,f_Weather,Dashboard_Calc!$B$6,f_Month,Dashboard_Calc!$B$7,f_Time_Band,Dashboard_Calc!$B$8,f_dteday,">="&Dashboard_Calc!$B$9,f_dteday,"<="&Dashboard_Calc!$B$10,f_Visible,1,f_hr,D$30,f_Day_Name,$C37),0) -> 30.571429 | E37: =IFERROR(AVERAGEIFS(f_cnt,f_Day_Type,Dashboard_Calc!$B$5,f_Weather,Dashboard_Calc!$B$6,f_Month,Dashboard_Calc!$B$7,f_Time_Band,Dashboard_Calc!$B$8,f_dteday,">="&Dashboard_Calc!$B$9,f_dteday,"<="&Dashboard_Calc!$B$10,f_Visible,1,f_hr,E$30,f_Day_Name,$C37),0) -> 23.142857 | F37: =IFERROR(AVERAGEIFS(f_cnt,f_Day_Type,Dashboard_Calc!$B$5,f_Weather,Dashboard_Calc!$B$6,f_Month,Dashboard_Calc!$B$7,f_Time_Band,Dashboard_Calc!$B$8,f_dteday,">="&Dashboard_Calc!$B$9,f_dteday,"<="&Dashboard_Calc!$B$10,f_Visible,1,f_hr,F$30,f_Day_Name,$C37),0) -> 15 | G37: =IFERROR(AVERAGEIFS(f_cnt,f_Day_Type,Dashboard_Calc!$B$5,f_Weather,Dashboard_Calc!$B$6,f_Month,Dashboard_Calc!$B$7,f_Time_Band,Dashboard_Calc!$B$8,f_dteday,">="&Dashboard_Calc!$B$9,f_dteday,"<="&Dashboard_Calc!$B$10,f_Visible,1,f_hr,G$30,f_Day_Name,$C37),0) -> 9 | H37: =IFERROR(AVERAGEIFS(f_cnt,f_Day_Type,Dashboard_Calc!$B$5,f_Weather,Dashboard_Calc!$B$6,f_Month,Dashboard_Calc!$B$7,f_Time_Band,Dashboard_Calc!$B$8,f_dteday,">="&Dashboard_Calc!$B$9,f_dteday,"<="&Dashboard_Calc!$B$10,f_Visible,1,f_hr,H$30,f_Day_Name,$C37),0) -> 1.6666667 | I37: =IFERROR(AVERAGEIFS(f_cnt,f_Day_Type,Dashboard_Calc!$B$5,f_Weather,Dashboard_Calc!$B$6,f_Month,Dashboard_Calc!$B$7,f_Time_Band,Dashboard_Calc!$B$8,f_dteday,">="&Dashboard_Calc!$B$9,f_dteday,"<="&Dashboard_Calc!$B$10,f_Visible,1,f_hr,I$30,f_Day_Name,$C37),0) -> 2 | J37: =IFERROR(AVERAGEIFS(f_cnt,f_Day_Type,Dashboard_Calc!$B$5,f_Weather,Dashboard_Calc!$B$6,f_Month,Dashboard_Calc!$B$7,f_Time_Band,Dashboard_Calc!$B$8,f_dteday,">="&Dashboard_Calc!$B$9,f_dteday,"<="&Dashboard_Calc!$B$10,f_Visible,1,f_hr,J$30,f_Day_Name,$C37),0) -> 1.8333333 | K37: =IFERROR(AVERAGEIFS(f_cnt,f_Day_Type,Dashboard_Calc!$B$5,f_Weather,Dashboard_Calc!$B$6,f_Month,Dashboard_Calc!$B$7,f_Time_Band,Dashboard_Calc!$B$8,f_dteday,">="&Dashboard_Calc!$B$9,f_dteday,"<="&Dashboard_Calc!$B$10,f_Visible,1,f_hr,K$30,f_Day_Name,$C37),0) -> 3.7142857 | ... AA37: =IFERROR(AVERAGEIFS(f_cnt,f_Day_Type,Dashboard_Calc!$B$5,f_Weather,Dashboard_Calc!$B$6,f_Month,Dashboard_Calc!$B$7,f_Time_Band,Dashboard_Calc!$B$8,f_dteday,">="&Dashboard_Calc!$B$9,f_dteday,"<="&Dashboard_Calc!$B$10,f_Visible,1,f_hr,AA$30,f_Day_Name,$C37),0) -> 19.142857
B39: Key insights
B40: 1 | C40: ="Commuters drive demand: registered riders are "&TEXT(Stats!C14,"0%")&" of all rentals." -> Commuters drive demand: registered riders are 92% of all rentals. | Q40: 5 | R40: ="Light rain/snow cuts hourly rentals by about "&TEXT(-Dashboard_Calc!B25,"0%")&" vs clear weather." -> Light rain/snow cuts hourly rentals by about 46% vs clear weather.
B41: 2 | C41: ="Two daily peaks, 8 AM and 5 PM; the 5 PM hour averages "&TEXT(MAX(Analysis!E6:E29),"0")&" rentals." -> Two daily peaks, 8 AM and 5 PM; the 5 PM hour averages 140 rentals. | Q41: 6 | R41: ="Warmer hours sell more: Warm band averages "&TEXT(Analysis!E104, "0")&" vs "&TEXT(Analysis!E102, "0")&" in Cold." -> Warmer hours sell more: Warm band averages 86 vs 48 in Cold.
B42: 3 | C42: ="Weekday commute hours carry "&TEXT(Stats!C20,"0%")&" of all rentals." -> Weekday commute hours carry 44% of all rentals. | Q42: 7 | R42: ="Night (0-5 AM) averages under 10 rentals/hour: best window for rebalancing and repairs." -> Night (0-5 AM) averages under 10 rentals/hour: best window for rebalancing and repairs.
B43: 4 | C43: ="Weekends bring 2-3x more casual riders, mostly 11 AM to 4 PM." -> Weekends bring 2-3x more casual riders, mostly 11 AM to 4 PM. | Q43: 8 | R43: ="Forecast: the next 24 hours repeat the commute shape (see Forecast sheet)." -> Forecast: the next 24 hours repeat the commute shape (see Forecast sheet).
B46: Data: NextHikes Project 1 datasets 1-3 merged on instant. Averages are rentals per hourly record; temp/humidity are normalised source values. Formulas only, works in Excel for Mac and Windows without macros. Detail: Analysis, Stats, Anomalies, Forecast sheets.

Sheet Insights
A1: Findings, Recommendations & Limitations
A2: Plain-language summary for the reader and the source for the summary document / PPT. Numbers in brackets are live from the analysis sheets.
A4: Key findings
A5: 1 | B5: ="Registered (subscribed) riders generate "&TEXT(Stats!C14,"0.0%")&" of all "&TEXT(Stats!C5,"#,##0")&" rentals; casual riders only "&TEXT(1-Stats!C14,"0.0%")&"." -> Registered (subscribed) riders generate 91.6% of all 58,304 rentals; casual riders only 8.4%.
A6: 2 | B6: ="Demand follows a commuter pattern: peaks at 8 AM and 5 PM on weekdays; weekday peak hours hold "&TEXT(Stats!C20,"0%")&" of all rentals." -> Demand follows a commuter pattern: peaks at 8 AM and 5 PM on weekdays; weekday peak hours hold 44% of all rentals.
A7: 3 | B7: ="Weekdays average "&TEXT(Stats!C17,"0.0")&" rentals per hour vs "&TEXT(Stats!C18,"0.0")&" at weekends, but casual riding more than doubles at weekends (leisure use)." -> Weekdays average 63.3 rentals per hour vs 48.1 at weekends, but casual riding more than doubles at weekends (leisure use).
A8: 4 | B8: ="Weather matters most when it rains: Light Rain/Snow hours average "&TEXT(Analysis!E70,"0")&" rentals vs "&TEXT(Analysis!E68,"0")&" in Clear hours." -> Weather matters most when it rains: Light Rain/Snow hours average 33 rentals vs 62 in Clear hours.
A9: 5 | B9: ="Temperature and humidity have weak correlations with demand (temp "&TEXT(Stats!C22,"0.00")&", humidity "&TEXT(Stats!C23,"0.00")&"); time of day explains far more." -> Temperature and humidity have weak correlations with demand (temp 0.23, humidity -0.25); time of day explains far more.
A10: 6 | B10: ="Night hours (0–5 AM) average "&TEXT(Analysis!E85,"0.0")&" rentals per hour, the quietest period." -> Night hours (0–5 AM) average 8.0 rentals per hour, the quietest period.
A11: 7 | B11: ="Anomaly check flagged "&Anomalies!B7+Anomalies!B8&" of 1,000 hours as unusual for their hour of day; they are real busy hours, so they are kept." -> Anomaly check flagged 7 of 1,000 hours as unusual for their hour of day; they are real busy hours, so they are kept.
A12: 8 | B12: ="The FORECAST.ETS model (24-hour seasonality) has MASE "&TEXT(Forecast!E7,"0.00")&" and a typical error (MAE) of "&TEXT(Forecast!E9,"0")&" rentals per hour." -> The FORECAST.ETS model (24-hour seasonality) has MASE 0.98 and a typical error (MAE) of 21 rentals per hour.
A14: Recommendations
A15: 1 | B15: Guarantee bike availability at stations near offices and transit hubs before 8 AM and 5 PM on weekdays; this is where most revenue is.
A16: 2 | B16: Use the night window (0–5 AM) for rebalancing, maintenance and battery/repair work: demand is lowest then.
A17: 3 | B17: Grow casual and weekend use with leisure offers (weekend day passes, park/tourist routes), since casual riders are the weekend segment.
A18: 4 | B18: Plan for rain: reduce field staff and shift rebalancing on rainy days; push "ride after the rain" offers when forecasts show clearing.
A19: 5 | B19: Use the hourly forecast to schedule staff and pre-position bikes for the next day.
A20: 6 | B20: Collect more data (full year, all seasons) before deciding on seasonal pricing or fleet size.
A22: Limitations
A23: 1 | B23: Only 1,000 hours (1 Jan–14 Feb 2011), all in season 1 (winter/spring), so seasonal effects cannot be tested.
A24: 2 | B24: 64 hours are missing from the timeline in the source data; 14 Feb is a partial day.
A25: 3 | B25: temp, atemp, humidity and windspeed are normalised with unknown units, so results are relative (no °C/°F).
A26: 4 | B26: Heavy Rain appears in a single hour: no conclusion can be drawn for that category.
A27: 5 | B27: Correlation shows association, not causation.

Sheet Analysis
A1: Demand Analysis
A2: Pivot-style summaries built with AVERAGEIFS / SUMIFS / COUNTIFS on the final dataset (brief task 4). Each table has a chart and a comment with the takeaway.
B4: 1. Demand by Hour of Day
B5: Hour | C5: Avg Casual | D5: Avg Registered | E5: Avg Total | F5: Hours | G5: Total Rentals | H5: Casual Share
B6: 0 | C6: =IFERROR(AVERAGEIFS(f_casual,f_hr,$B6),0) -> 1.7209302 | D6: =IFERROR(AVERAGEIFS(f_registered,f_hr,$B6),0) -> 14.627907 | E6: =IFERROR(AVERAGEIFS(f_cnt,f_hr,$B6),0) -> 16.348837 | F6: =COUNTIFS(f_hr,$B6) -> 43 | G6: =SUMIFS(f_cnt,f_hr,$B6) -> 703 | H6: =IFERROR(SUMIFS(f_casual,f_hr,$B6)/SUMIFS(f_cnt,f_hr,$B6),0) -> 0.10526316
B7: 1 | C7: =IFERROR(AVERAGEIFS(f_casual,f_hr,$B7),0) -> 1.1162791 | D7: =IFERROR(AVERAGEIFS(f_registered,f_hr,$B7),0) -> 9.5813953 | E7: =IFERROR(AVERAGEIFS(f_cnt,f_hr,$B7),0) -> 10.697674 | F7: =COUNTIFS(f_hr,$B7) -> 43 | G7: =SUMIFS(f_cnt,f_hr,$B7) -> 460 | H7: =IFERROR(SUMIFS(f_casual,f_hr,$B7)/SUMIFS(f_cnt,f_hr,$B7),0) -> 0.10434783
B8: 2 | C8: =IFERROR(AVERAGEIFS(f_casual,f_hr,$B8),0) -> 0.80487805 | D8: =IFERROR(AVERAGEIFS(f_registered,f_hr,$B8),0) -> 6.3658537 | E8: =IFERROR(AVERAGEIFS(f_cnt,f_hr,$B8),0) -> 7.1707317 | F8: =COUNTIFS(f_hr,$B8) -> 41 | G8: =SUMIFS(f_cnt,f_hr,$B8) -> 294 | H8: =IFERROR(SUMIFS(f_casual,f_hr,$B8)/SUMIFS(f_cnt,f_hr,$B8),0) -> 0.1122449
B9: 3 | C9: =IFERROR(AVERAGEIFS(f_casual,f_hr,$B9),0) -> 1.0967742 | D9: =IFERROR(AVERAGEIFS(f_registered,f_hr,$B9),0) -> 3.7741935 | E9: =IFERROR(AVERAGEIFS(f_cnt,f_hr,$B9),0) -> 4.8709677 | F9: =COUNTIFS(f_hr,$B9) -> 31 | G9: =SUMIFS(f_cnt,f_hr,$B9) -> 151 | H9: =IFERROR(SUMIFS(f_casual,f_hr,$B9)/SUMIFS(f_cnt,f_hr,$B9),0) -> 0.22516556
B10: 4 | C10: =IFERROR(AVERAGEIFS(f_casual,f_hr,$B10),0) -> 0.21875 | D10: =IFERROR(AVERAGEIFS(f_registered,f_hr,$B10),0) -> 1.9375 | E10: =IFERROR(AVERAGEIFS(f_cnt,f_hr,$B10),0) -> 2.15625 | F10: =COUNTIFS(f_hr,$B10) -> 32 | G10: =SUMIFS(f_cnt,f_hr,$B10) -> 69 | H10: =IFERROR(SUMIFS(f_casual,f_hr,$B10)/SUMIFS(f_cnt,f_hr,$B10),0) -> 0.10144928
B11: 5 | C11: =IFERROR(AVERAGEIFS(f_casual,f_hr,$B11),0) -> 0.076923077 | D11: =IFERROR(AVERAGEIFS(f_registered,f_hr,$B11),0) -> 4.1282051 | E11: =IFERROR(AVERAGEIFS(f_cnt,f_hr,$B11),0) -> 4.2051282 | F11: =COUNTIFS(f_hr,$B11) -> 39 | G11: =SUMIFS(f_cnt,f_hr,$B11) -> 164 | H11: =IFERROR(SUMIFS(f_casual,f_hr,$B11)/SUMIFS(f_cnt,f_hr,$B11),0) -> 0.018292683
B12: 6 | C12: =IFERROR(AVERAGEIFS(f_casual,f_hr,$B12),0) -> 0.5 | D12: =IFERROR(AVERAGEIFS(f_registered,f_hr,$B12),0) -> 19.071429 | E12: =IFERROR(AVERAGEIFS(f_cnt,f_hr,$B12),0) -> 19.571429 | F12: =COUNTIFS(f_hr,$B12) -> 42 | G12: =SUMIFS(f_cnt,f_hr,$B12) -> 822 | H12: =IFERROR(SUMIFS(f_casual,f_hr,$B12)/SUMIFS(f_cnt,f_hr,$B12),0) -> 0.025547445
B13: 7 | C13: =IFERROR(AVERAGEIFS(f_casual,f_hr,$B13),0) -> 1.4883721 | D13: =IFERROR(AVERAGEIFS(f_registered,f_hr,$B13),0) -> 52.906977 | E13: =IFERROR(AVERAGEIFS(f_cnt,f_hr,$B13),0) -> 54.395349 | F13: =COUNTIFS(f_hr,$B13) -> 43 | G13: =SUMIFS(f_cnt,f_hr,$B13) -> 2339 | H13: =IFERROR(SUMIFS(f_casual,f_hr,$B13)/SUMIFS(f_cnt,f_hr,$B13),0) -> 0.027362121
B14: 8 | C14: =IFERROR(AVERAGEIFS(f_casual,f_hr,$B14),0) -> 3.0238095 | D14: =IFERROR(AVERAGEIFS(f_registered,f_hr,$B14),0) -> 125.2619 | E14: =IFERROR(AVERAGEIFS(f_cnt,f_hr,$B14),0) -> 128.28571 | F14: =COUNTIFS(f_hr,$B14) -> 42 | G14: =SUMIFS(f_cnt,f_hr,$B14) -> 5388 | H14: =IFERROR(SUMIFS(f_casual,f_hr,$B14)/SUMIFS(f_cnt,f_hr,$B14),0) -> 0.023570898
B15: 9 | C15: =IFERROR(AVERAGEIFS(f_casual,f_hr,$B15),0) -> 4.0952381 | D15: =IFERROR(AVERAGEIFS(f_registered,f_hr,$B15),0) -> 83.333333 | E15: =IFERROR(AVERAGEIFS(f_cnt,f_hr,$B15),0) -> 87.428571 | F15: =COUNTIFS(f_hr,$B15) -> 42 | G15: =SUMIFS(f_cnt,f_hr,$B15) -> 3672 | H15: =IFERROR(SUMIFS(f_casual,f_hr,$B15)/SUMIFS(f_cnt,f_hr,$B15),0) -> 0.046840959
B16: 10 | C16: =IFERROR(AVERAGEIFS(f_casual,f_hr,$B16),0) -> 5.1428571 | D16: =IFERROR(AVERAGEIFS(f_registered,f_hr,$B16),0) -> 48.5 | E16: =IFERROR(AVERAGEIFS(f_cnt,f_hr,$B16),0) -> 53.642857 | F16: =COUNTIFS(f_hr,$B16) -> 42 | G16: =SUMIFS(f_cnt,f_hr,$B16) -> 2253 | H16: =IFERROR(SUMIFS(f_casual,f_hr,$B16)/SUMIFS(f_cnt,f_hr,$B16),0) -> 0.09587217
B17: 11 | C17: =IFERROR(AVERAGEIFS(f_casual,f_hr,$B17),0) -> 8.7380952 | D17: =IFERROR(AVERAGEIFS(f_registered,f_hr,$B17),0) -> 50.642857 | E17: =IFERROR(AVERAGEIFS(f_cnt,f_hr,$B17),0) -> 59.380952 | F17: =COUNTIFS(f_hr,$B17) -> 42 | G17: =SUMIFS(f_cnt,f_hr,$B17) -> 2494 | H17: =IFERROR(SUMIFS(f_casual,f_hr,$B17)/SUMIFS(f_cnt,f_hr,$B17),0) -> 0.14715317
... B29: 23 | C29: =IFERROR(AVERAGEIFS(f_casual,f_hr,$B29),0) -> 2.3488372 | D29: =IFERROR(AVERAGEIFS(f_registered,f_hr,$B29),0) -> 22.837209 | E29: =IFERROR(AVERAGEIFS(f_cnt,f_hr,$B29),0) -> 25.186047 | F29: =COUNTIFS(f_hr,$B29) -> 43 | G29: =SUMIFS(f_cnt,f_hr,$B29) -> 1083 | H29: =IFERROR(SUMIFS(f_casual,f_hr,$B29)/SUMIFS(f_cnt,f_hr,$B29),0) -> 0.093259464
B32: 2. Demand by Day of Week
B33: Day | C33: Avg Casual | D33: Avg Registered | E33: Avg Total | F33: Hours | G33: Total Rentals | H33: Casual Share
B34: Mon | C34: =IFERROR(AVERAGEIFS(f_casual,f_Day_Name,$B34),0) -> 3.5838926 | D34: =IFERROR(AVERAGEIFS(f_registered,f_Day_Name,$B34),0) -> 53.127517 | E34: =IFERROR(AVERAGEIFS(f_cnt,f_Day_Name,$B34),0) -> 56.711409 | F34: =COUNTIFS(f_Day_Name,$B34) -> 149 | G34: =SUMIFS(f_cnt,f_Day_Name,$B34) -> 8450 | H34: =IFERROR(SUMIFS(f_casual,f_Day_Name,$B34)/SUMIFS(f_cnt,f_Day_Name,$B34),0) -> 0.063195266
B35: Tue | C35: =IFERROR(AVERAGEIFS(f_casual,f_Day_Name,$B35),0) -> 3.5984252 | D35: =IFERROR(AVERAGEIFS(f_registered,f_Day_Name,$B35),0) -> 62.409449 | E35: =IFERROR(AVERAGEIFS(f_cnt,f_Day_Name,$B35),0) -> 66.007874 | F35: =COUNTIFS(f_Day_Name,$B35) -> 127 | G35: =SUMIFS(f_cnt,f_Day_Name,$B35) -> 8383 | H35: =IFERROR(SUMIFS(f_casual,f_Day_Name,$B35)/SUMIFS(f_cnt,f_Day_Name,$B35),0) -> 0.05451509
B36: Wed | C36: =IFERROR(AVERAGEIFS(f_casual,f_Day_Name,$B36),0) -> 2.6259542 | D36: =IFERROR(AVERAGEIFS(f_registered,f_Day_Name,$B36),0) -> 58.816794 | E36: =IFERROR(AVERAGEIFS(f_cnt,f_Day_Name,$B36),0) -> 61.442748 | F36: =COUNTIFS(f_Day_Name,$B36) -> 131 | G36: =SUMIFS(f_cnt,f_Day_Name,$B36) -> 8049 | H36: =IFERROR(SUMIFS(f_casual,f_Day_Name,$B36)/SUMIFS(f_cnt,f_Day_Name,$B36),0) -> 0.042738228
B37: Thu | C37: =IFERROR(AVERAGEIFS(f_casual,f_Day_Name,$B37),0) -> 2.656 | D37: =IFERROR(AVERAGEIFS(f_registered,f_Day_Name,$B37),0) -> 65.008 | E37: =IFERROR(AVERAGEIFS(f_cnt,f_Day_Name,$B37),0) -> 67.664 | F37: =COUNTIFS(f_Day_Name,$B37) -> 125 | G37: =SUMIFS(f_cnt,f_Day_Name,$B37) -> 8458 | H37: =IFERROR(SUMIFS(f_casual,f_Day_Name,$B37)/SUMIFS(f_cnt,f_Day_Name,$B37),0) -> 0.039252778
B38: Fri | C38: =IFERROR(AVERAGEIFS(f_casual,f_Day_Name,$B38),0) -> 4 | D38: =IFERROR(AVERAGEIFS(f_registered,f_Day_Name,$B38),0) -> 61.905797 | E38: =IFERROR(AVERAGEIFS(f_cnt,f_Day_Name,$B38),0) -> 65.905797 | F38: =COUNTIFS(f_Day_Name,$B38) -> 138 | G38: =SUMIFS(f_cnt,f_Day_Name,$B38) -> 9095 | H38: =IFERROR(SUMIFS(f_casual,f_Day_Name,$B38)/SUMIFS(f_cnt,f_Day_Name,$B38),0) -> 0.060692688
B39: Sat | C39: =IFERROR(AVERAGEIFS(f_casual,f_Day_Name,$B39),0) -> 7.3795181 | D39: =IFERROR(AVERAGEIFS(f_registered,f_Day_Name,$B39),0) -> 39.295181 | E39: =IFERROR(AVERAGEIFS(f_cnt,f_Day_Name,$B39),0) -> 46.674699 | F39: =COUNTIFS(f_Day_Name,$B39) -> 166 | G39: =SUMIFS(f_cnt,f_Day_Name,$B39) -> 7748 | H39: =IFERROR(SUMIFS(f_casual,f_Day_Name,$B39)/SUMIFS(f_cnt,f_Day_Name,$B39),0) -> 0.15810532
B40: Sun | C40: =IFERROR(AVERAGEIFS(f_casual,f_Day_Name,$B40),0) -> 9.0060976 | D40: =IFERROR(AVERAGEIFS(f_registered,f_Day_Name,$B40),0) -> 40.512195 | E40: =IFERROR(AVERAGEIFS(f_cnt,f_Day_Name,$B40),0) -> 49.518293 | F40: =COUNTIFS(f_Day_Name,$B40) -> 164 | G40: =SUMIFS(f_cnt,f_Day_Name,$B40) -> 8121 | H40: =IFERROR(SUMIFS(f_casual,f_Day_Name,$B40)/SUMIFS(f_cnt,f_Day_Name,$B40),0) -> 0.18187415
B49: 3. Working vs Non-Working Day
B50: Day Category | C50: Avg Casual | D50: Avg Registered | E50: Avg Total | F50: Hours | G50: Total Rentals | H50: Casual Share
B51: Working Day | C51: =IFERROR(AVERAGEIFS(f_casual,f_Working_Day,$B51),0) -> 3.25387 | D51: =IFERROR(AVERAGEIFS(f_registered,f_Working_Day,$B51),0) -> 60.886997 | E51: =IFERROR(AVERAGEIFS(f_cnt,f_Working_Day,$B51),0) -> 64.140867 | F51: =COUNTIFS(f_Working_Day,$B51) -> 646 | G51: =SUMIFS(f_cnt,f_Working_Day,$B51) -> 41435 | H51: =IFERROR(SUMIFS(f_casual,f_Working_Day,$B51)/SUMIFS(f_cnt,f_Working_Day,$B51),0) -> 0.050730059
B52: Non-Working Day | C52: =IFERROR(AVERAGEIFS(f_casual,f_Working_Day,$B52),0) -> 7.9632768 | D52: =IFERROR(AVERAGEIFS(f_registered,f_Working_Day,$B52),0) -> 39.689266 | E52: =IFERROR(AVERAGEIFS(f_cnt,f_Working_Day,$B52),0) -> 47.652542 | F52: =COUNTIFS(f_Working_Day,$B52) -> 354 | G52: =SUMIFS(f_cnt,f_Working_Day,$B52) -> 16869 | H52: =IFERROR(SUMIFS(f_casual,f_Working_Day,$B52)/SUMIFS(f_cnt,f_Working_Day,$B52),0) -> 0.16711127
B66: 4. Demand by Weather
B67: Weather | C67: Avg Casual | D67: Avg Registered | E67: Avg Total | F67: Hours | G67: Total Rentals | H67: Casual Share
B68: Clear | C68: =IFERROR(AVERAGEIFS(f_casual,f_Weather,$B68),0) -> 5.2986799 | D68: =IFERROR(AVERAGEIFS(f_registered,f_Weather,$B68),0) -> 56.372937 | E68: =IFERROR(AVERAGEIFS(f_cnt,f_Weather,$B68),0) -> 61.671617 | F68: =COUNTIFS(f_Weather,$B68) -> 606 | G68: =SUMIFS(f_cnt,f_Weather,$B68) -> 37373 | H68: =IFERROR(SUMIFS(f_casual,f_Weather,$B68)/SUMIFS(f_cnt,f_Weather,$B68),0) -> 0.085917641
B69: Cloudy/Mist | C69: =IFERROR(AVERAGEIFS(f_casual,f_Weather,$B69),0) -> 4.9773463 | D69: =IFERROR(AVERAGEIFS(f_registered,f_Weather,$B69),0) -> 53.618123 | E69: =IFERROR(AVERAGEIFS(f_cnt,f_Weather,$B69),0) -> 58.595469 | F69: =COUNTIFS(f_Weather,$B69) -> 309 | G69: =SUMIFS(f_cnt,f_Weather,$B69) -> 18106 | H69: =IFERROR(SUMIFS(f_casual,f_Weather,$B69)/SUMIFS(f_cnt,f_Weather,$B69),0) -> 0.084944217
B70: Light Rain/Snow | C70: =IFERROR(AVERAGEIFS(f_casual,f_Weather,$B70),0) -> 2.0357143 | D70: =IFERROR(AVERAGEIFS(f_registered,f_Weather,$B70),0) -> 31.166667 | E70: =IFERROR(AVERAGEIFS(f_cnt,f_Weather,$B70),0) -> 33.202381 | F70: =COUNTIFS(f_Weather,$B70) -> 84 | G70: =SUMIFS(f_cnt,f_Weather,$B70) -> 2789 | H70: =IFERROR(SUMIFS(f_casual,f_Weather,$B70)/SUMIFS(f_cnt,f_Weather,$B70),0) -> 0.061312298
B71: Heavy Rain | C71: =IFERROR(AVERAGEIFS(f_casual,f_Weather,$B71),0) -> 1 | D71: =IFERROR(AVERAGEIFS(f_registered,f_Weather,$B71),0) -> 35 | E71: =IFERROR(AVERAGEIFS(f_cnt,f_Weather,$B71),0) -> 36 | F71: =COUNTIFS(f_Weather,$B71) -> 1 | G71: =SUMIFS(f_cnt,f_Weather,$B71) -> 36 | H71: =IFERROR(SUMIFS(f_casual,f_Weather,$B71)/SUMIFS(f_cnt,f_Weather,$B71),0) -> 0.027777778
B83: 5. Demand by Time Band
B84: Time Band | C84: Avg Casual | D84: Avg Registered | E84: Avg Total | F84: Hours | G84: Total Rentals | H84: Casual Share
B85: Night | C85: =IFERROR(AVERAGEIFS(f_casual,f_Time_Band,$B85),0) -> 0.86899563 | D85: =IFERROR(AVERAGEIFS(f_registered,f_Time_Band,$B85),0) -> 7.1703057 | E85: =IFERROR(AVERAGEIFS(f_cnt,f_Time_Band,$B85),0) -> 8.0393013 | F85: =COUNTIFS(f_Time_Band,$B85) -> 229 | G85: =SUMIFS(f_cnt,f_Time_Band,$B85) -> 1841 | H85: =IFERROR(SUMIFS(f_casual,f_Time_Band,$B85)/SUMIFS(f_cnt,f_Time_Band,$B85),0) -> 0.10809343
B86: Morning | C86: =IFERROR(AVERAGEIFS(f_casual,f_Time_Band,$B86),0) -> 3.8221344 | D86: =IFERROR(AVERAGEIFS(f_registered,f_Time_Band,$B86),0) -> 63.245059 | E86: =IFERROR(AVERAGEIFS(f_cnt,f_Time_Band,$B86),0) -> 67.067194 | F86: =COUNTIFS(f_Time_Band,$B86) -> 253 | G86: =SUMIFS(f_cnt,f_Time_Band,$B86) -> 16968 | H86: =IFERROR(SUMIFS(f_casual,f_Time_Band,$B86)/SUMIFS(f_cnt,f_Time_Band,$B86),0) -> 0.056989628
B87: Afternoon | C87: =IFERROR(AVERAGEIFS(f_casual,f_Time_Band,$B87),0) -> 11.527778 | D87: =IFERROR(AVERAGEIFS(f_registered,f_Time_Band,$B87),0) -> 67.819444 | E87: =IFERROR(AVERAGEIFS(f_cnt,f_Time_Band,$B87),0) -> 79.347222 | F87: =COUNTIFS(f_Time_Band,$B87) -> 216 | G87: =SUMIFS(f_cnt,f_Time_Band,$B87) -> 17139 | H87: =IFERROR(SUMIFS(f_casual,f_Time_Band,$B87)/SUMIFS(f_cnt,f_Time_Band,$B87),0) -> 0.14528269
B88: Evening | C88: =IFERROR(AVERAGEIFS(f_casual,f_Time_Band,$B88),0) -> 5.4566474 | D88: =IFERROR(AVERAGEIFS(f_registered,f_Time_Band,$B88),0) -> 97.254335 | E88: =IFERROR(AVERAGEIFS(f_cnt,f_Time_Band,$B88),0) -> 102.71098 | F88: =COUNTIFS(f_Time_Band,$B88) -> 173 | G88: =SUMIFS(f_cnt,f_Time_Band,$B88) -> 17769 | H88: =IFERROR(SUMIFS(f_casual,f_Time_Band,$B88)/SUMIFS(f_cnt,f_Time_Band,$B88),0) -> 0.053126231
B89: Late Evening | C89: =IFERROR(AVERAGEIFS(f_casual,f_Time_Band,$B89),0) -> 2.4883721 | D89: =IFERROR(AVERAGEIFS(f_registered,f_Time_Band,$B89),0) -> 33.069767 | E89: =IFERROR(AVERAGEIFS(f_cnt,f_Time_Band,$B89),0) -> 35.55814 | F89: =COUNTIFS(f_Time_Band,$B89) -> 129 | G89: =SUMIFS(f_cnt,f_Time_Band,$B89) -> 4587 | H89: =IFERROR(SUMIFS(f_casual,f_Time_Band,$B89)/SUMIFS(f_cnt,f_Time_Band,$B89),0) -> 0.069980379
B100: 6. Demand by Temperature Band
B101: Temp Band | C101: Avg Casual | D101: Avg Registered | E101: Avg Total | F101: Hours | G101: Total Rentals | H101: Casual Share
B102: Cold | C102: =IFERROR(AVERAGEIFS(f_casual,f_Temp_Band,$B102),0) -> 2.2823529 | D102: =IFERROR(AVERAGEIFS(f_registered,f_Temp_Band,$B102),0) -> 45.402353 | E102: =IFERROR(AVERAGEIFS(f_cnt,f_Temp_Band,$B102),0) -> 47.684706 | F102: =COUNTIFS(f_Temp_Band,$B102) -> 425 | G102: =SUMIFS(f_cnt,f_Temp_Band,$B102) -> 20266 | H102: =IFERROR(SUMIFS(f_casual,f_Temp_Band,$B102)/SUMIFS(f_cnt,f_Temp_Band,$B102),0) -> 0.047863417
B103: Mild | C103: =IFERROR(AVERAGEIFS(f_casual,f_Temp_Band,$B103),0) -> 4.5400458 | D103: =IFERROR(AVERAGEIFS(f_registered,f_Temp_Band,$B103),0) -> 55.455378 | E103: =IFERROR(AVERAGEIFS(f_cnt,f_Temp_Band,$B103),0) -> 59.995423 | F103: =COUNTIFS(f_Temp_Band,$B103) -> 437 | G103: =SUMIFS(f_cnt,f_Temp_Band,$B103) -> 26218 | H103: =IFERROR(SUMIFS(f_casual,f_Temp_Band,$B103)/SUMIFS(f_cnt,f_Temp_Band,$B103),0) -> 0.075673202
B104: Warm | C104: =IFERROR(AVERAGEIFS(f_casual,f_Temp_Band,$B104),0) -> 14.253623 | D104: =IFERROR(AVERAGEIFS(f_registered,f_Temp_Band,$B104),0) -> 71.398551 | E104: =IFERROR(AVERAGEIFS(f_cnt,f_Temp_Band,$B104),0) -> 85.652174 | F104: =COUNTIFS(f_Temp_Band,$B104) -> 138 | G104: =SUMIFS(f_cnt,f_Temp_Band,$B104) -> 11820 | H104: =IFERROR(SUMIFS(f_casual,f_Temp_Band,$B104)/SUMIFS(f_cnt,f_Temp_Band,$B104),0) -> 0.16641286
B117: 7. Demand by Humidity Band
B118: Humidity | C118: Avg Casual | D118: Avg Registered | E118: Avg Total | F118: Hours | G118: Total Rentals | H118: Casual Share
B119: Low | C119: =IFERROR(AVERAGEIFS(f_casual,f_Humidity_Band,$B119),0) -> 7.5447368 | D119: =IFERROR(AVERAGEIFS(f_registered,f_Humidity_Band,$B119),0) -> 65.563158 | E119: =IFERROR(AVERAGEIFS(f_cnt,f_Humidity_Band,$B119),0) -> 73.107895 | F119: =COUNTIFS(f_Humidity_Band,$B119) -> 380 | G119: =SUMIFS(f_cnt,f_Humidity_Band,$B119) -> 27781 | H119: =IFERROR(SUMIFS(f_casual,f_Humidity_Band,$B119)/SUMIFS(f_cnt,f_Humidity_Band,$B119),0) -> 0.10320003
B120: Medium | C120: =IFERROR(AVERAGEIFS(f_casual,f_Humidity_Band,$B120),0) -> 3.4239401 | D120: =IFERROR(AVERAGEIFS(f_registered,f_Humidity_Band,$B120),0) -> 49.710723 | E120: =IFERROR(AVERAGEIFS(f_cnt,f_Humidity_Band,$B120),0) -> 53.134663 | F120: =COUNTIFS(f_Humidity_Band,$B120) -> 401 | G120: =SUMIFS(f_cnt,f_Humidity_Band,$B120) -> 21307 | H120: =IFERROR(SUMIFS(f_casual,f_Humidity_Band,$B120)/SUMIFS(f_cnt,f_Humidity_Band,$B120),0) -> 0.064438917
B121: High | C121: =IFERROR(AVERAGEIFS(f_casual,f_Humidity_Band,$B121),0) -> 3.109589 | D121: =IFERROR(AVERAGEIFS(f_registered,f_Humidity_Band,$B121),0) -> 38.972603 | E121: =IFERROR(AVERAGEIFS(f_cnt,f_Humidity_Band,$B121),0) -> 42.082192 | F121: =COUNTIFS(f_Humidity_Band,$B121) -> 219 | G121: =SUMIFS(f_cnt,f_Humidity_Band,$B121) -> 9216 | H121: =IFERROR(SUMIFS(f_casual,f_Humidity_Band,$B121)/SUMIFS(f_cnt,f_Humidity_Band,$B121),0) -> 0.073893229
B134: 8. Demand by Month
B135: Month | C135: Avg Casual | D135: Avg Registered | E135: Avg Total | F135: Hours | G135: Total Rentals | H135: Casual Share
B136: Jan | C136: =IFERROR(AVERAGEIFS(f_casual,f_Month,$B136),0) -> 4.4665698 | D136: =IFERROR(AVERAGEIFS(f_registered,f_Month,$B136),0) -> 51.040698 | E136: =IFERROR(AVERAGEIFS(f_cnt,f_Month,$B136),0) -> 55.507267 | F136: =COUNTIFS(f_Month,$B136) -> 688 | G136: =SUMIFS(f_cnt,f_Month,$B136) -> 38189 | H136: =IFERROR(SUMIFS(f_casual,f_Month,$B136)/SUMIFS(f_cnt,f_Month,$B136),0) -> 0.080468198
B137: Feb | C137: =IFERROR(AVERAGEIFS(f_casual,f_Month,$B137),0) -> 5.9230769 | D137: =IFERROR(AVERAGEIFS(f_registered,f_Month,$B137),0) -> 58.548077 | E137: =IFERROR(AVERAGEIFS(f_cnt,f_Month,$B137),0) -> 64.471154 | F137: =COUNTIFS(f_Month,$B137) -> 312 | G137: =SUMIFS(f_cnt,f_Month,$B137) -> 20115 | H137: =IFERROR(SUMIFS(f_casual,f_Month,$B137)/SUMIFS(f_cnt,f_Month,$B137),0) -> 0.091871738
B151: 9. Daily Rentals Trend
B152: Date | C152: Total Rentals | D152: Registered | E152: Casual | F152: Weather (most hours)
B153: 40544 | C153: =SUMIFS(f_cnt,f_dteday,$B153) -> 985 | D153: =SUMIFS(f_registered,f_dteday,$B153) -> 654 | E153: =SUMIFS(f_casual,f_dteday,$B153) -> 331 | F153: =IF(COUNTIFS(f_dteday,$B153,f_weathersit,3)+COUNTIFS(f_dteday,$B153,f_weathersit,4)>=6,"Rainy day",IF(COUNTIFS(f_dteday,$B153,f_weathersit,1)>=12,"Mostly clear","Mixed")) -> Mostly clear
B154: 40545 | C154: =SUMIFS(f_cnt,f_dteday,$B154) -> 801 | D154: =SUMIFS(f_registered,f_dteday,$B154) -> 670 | E154: =SUMIFS(f_casual,f_dteday,$B154) -> 131 | F154: =IF(COUNTIFS(f_dteday,$B154,f_weathersit,3)+COUNTIFS(f_dteday,$B154,f_weathersit,4)>=6,"Rainy day",IF(COUNTIFS(f_dteday,$B154,f_weathersit,1)>=12,"Mostly clear","Mixed")) -> Mixed
B155: 40546 | C155: =SUMIFS(f_cnt,f_dteday,$B155) -> 1349 | D155: =SUMIFS(f_registered,f_dteday,$B155) -> 1229 | E155: =SUMIFS(f_casual,f_dteday,$B155) -> 120 | F155: =IF(COUNTIFS(f_dteday,$B155,f_weathersit,3)+COUNTIFS(f_dteday,$B155,f_weathersit,4)>=6,"Rainy day",IF(COUNTIFS(f_dteday,$B155,f_weathersit,1)>=12,"Mostly clear","Mixed")) -> Mostly clear
B156: 40547 | C156: =SUMIFS(f_cnt,f_dteday,$B156) -> 1562 | D156: =SUMIFS(f_registered,f_dteday,$B156) -> 1454 | E156: =SUMIFS(f_casual,f_dteday,$B156) -> 108 | F156: =IF(COUNTIFS(f_dteday,$B156,f_weathersit,3)+COUNTIFS(f_dteday,$B156,f_weathersit,4)>=6,"Rainy day",IF(COUNTIFS(f_dteday,$B156,f_weathersit,1)>=12,"Mostly clear","Mixed")) -> Mostly clear
B157: 40548 | C157: =SUMIFS(f_cnt,f_dteday,$B157) -> 1600 | D157: =SUMIFS(f_registered,f_dteday,$B157) -> 1518 | E157: =SUMIFS(f_casual,f_dteday,$B157) -> 82 | F157: =IF(COUNTIFS(f_dteday,$B157,f_weathersit,3)+COUNTIFS(f_dteday,$B157,f_weathersit,4)>=6,"Rainy day",IF(COUNTIFS(f_dteday,$B157,f_weathersit,1)>=12,"Mostly clear","Mixed")) -> Mostly clear
B158: 40549 | C158: =SUMIFS(f_cnt,f_dteday,$B158) -> 1606 | D158: =SUMIFS(f_registered,f_dteday,$B158) -> 1518 | E158: =SUMIFS(f_casual,f_dteday,$B158) -> 88 | F158: =IF(COUNTIFS(f_dteday,$B158,f_weathersit,3)+COUNTIFS(f_dteday,$B158,f_weathersit,4)>=6,"Rainy day",IF(COUNTIFS(f_dteday,$B158,f_weathersit,1)>=12,"Mostly clear","Mixed")) -> Mostly clear
B159: 40550 | C159: =SUMIFS(f_cnt,f_dteday,$B159) -> 1510 | D159: =SUMIFS(f_registered,f_dteday,$B159) -> 1362 | E159: =SUMIFS(f_casual,f_dteday,$B159) -> 148 | F159: =IF(COUNTIFS(f_dteday,$B159,f_weathersit,3)+COUNTIFS(f_dteday,$B159,f_weathersit,4)>=6,"Rainy day",IF(COUNTIFS(f_dteday,$B159,f_weathersit,1)>=12,"Mostly clear","Mixed")) -> Mixed
B160: 40551 | C160: =SUMIFS(f_cnt,f_dteday,$B160) -> 959 | D160: =SUMIFS(f_registered,f_dteday,$B160) -> 891 | E160: =SUMIFS(f_casual,f_dteday,$B160) -> 68 | F160: =IF(COUNTIFS(f_dteday,$B160,f_weathersit,3)+COUNTIFS(f_dteday,$B160,f_weathersit,4)>=6,"Rainy day",IF(COUNTIFS(f_dteday,$B160,f_weathersit,1)>=12,"Mostly clear","Mixed")) -> Mixed
B161: 40552 | C161: =SUMIFS(f_cnt,f_dteday,$B161) -> 822 | D161: =SUMIFS(f_registered,f_dteday,$B161) -> 768 | E161: =SUMIFS(f_casual,f_dteday,$B161) -> 54 | F161: =IF(COUNTIFS(f_dteday,$B161,f_weathersit,3)+COUNTIFS(f_dteday,$B161,f_weathersit,4)>=6,"Rainy day",IF(COUNTIFS(f_dteday,$B161,f_weathersit,1)>=12,"Mostly clear","Mixed")) -> Mostly clear
B162: 40553 | C162: =SUMIFS(f_cnt,f_dteday,$B162) -> 1321 | D162: =SUMIFS(f_registered,f_dteday,$B162) -> 1280 | E162: =SUMIFS(f_casual,f_dteday,$B162) -> 41 | F162: =IF(COUNTIFS(f_dteday,$B162,f_weathersit,3)+COUNTIFS(f_dteday,$B162,f_weathersit,4)>=6,"Rainy day",IF(COUNTIFS(f_dteday,$B162,f_weathersit,1)>=12,"Mostly clear","Mixed")) -> Mostly clear
B163: 40554 | C163: =SUMIFS(f_cnt,f_dteday,$B163) -> 1263 | D163: =SUMIFS(f_registered,f_dteday,$B163) -> 1220 | E163: =SUMIFS(f_casual,f_dteday,$B163) -> 43 | F163: =IF(COUNTIFS(f_dteday,$B163,f_weathersit,3)+COUNTIFS(f_dteday,$B163,f_weathersit,4)>=6,"Rainy day",IF(COUNTIFS(f_dteday,$B163,f_weathersit,1)>=12,"Mostly clear","Mixed")) -> Rainy day
B164: 40555 | C164: =SUMIFS(f_cnt,f_dteday,$B164) -> 1162 | D164: =SUMIFS(f_registered,f_dteday,$B164) -> 1137 | E164: =SUMIFS(f_casual,f_dteday,$B164) -> 25 | F164: =IF(COUNTIFS(f_dteday,$B164,f_weathersit,3)+COUNTIFS(f_dteday,$B164,f_weathersit,4)>=6,"Rainy day",IF(COUNTIFS(f_dteday,$B164,f_weathersit,1)>=12,"Mostly clear","Mixed")) -> Mostly clear
... B197: 40588 | C197: =SUMIFS(f_cnt,f_dteday,$B197) -> 151 | D197: =SUMIFS(f_registered,f_dteday,$B197) -> 143 | E197: =SUMIFS(f_casual,f_dteday,$B197) -> 8 | F197: =IF(COUNTIFS(f_dteday,$B197,f_weathersit,3)+COUNTIFS(f_dteday,$B197,f_weathersit,4)>=6,"Rainy day",IF(COUNTIFS(f_dteday,$B197,f_weathersit,1)>=12,"Mostly clear","Mixed")) -> Mixed

Sheet Stats
A1: Statistics & Excel Functions
A2: Basic, text, conditional and statistical functions on the final dataset (brief tasks 1, 3 and 4). All values are live formulas.
B4: Measure (cnt = rentals per hour) | C4: Value | D4: Formula used | F4: Text function | G4: Example input | H4: Result | I4: What it does
B5: Total rentals | C5: =SUM(f_cnt) -> 58304 | D5: SUM | F5: LEFT | G5: =Final_Dataset!Q2 -> REC-0001 | H5: =LEFT(G5,3) -> REC | I5: First 3 characters: the ID prefix
B6: Average rentals per hour | C6: =AVERAGE(f_cnt) -> 58.304 | D6: AVERAGE | F6: RIGHT | G6: =Final_Dataset!Q2 -> REC-0001 | H6: =RIGHT(G6,4) -> 0001 | I6: Last 4 characters: the number
B7: Number of hourly records | C7: =COUNT(f_cnt) -> 1000 | D7: COUNT | F7: LEN | G7: =Final_Dataset!Q2 -> REC-0001 | H7: =LEN(G7) -> 8 | I7: Length of the ID
B8: Median rentals per hour | C8: =MEDIAN(f_cnt) -> 49 | D8: MEDIAN | F8: UPPER | G8: =Final_Dataset!T2 -> Sat | H8: =UPPER(G8) -> SAT | I8: Day name in capitals
B9: Minimum rentals in an hour | C9: =MIN(f_cnt) -> 1 | D9: MIN | F9: TEXT | G9: =Final_Dataset!B2 -> 40544 | H9: =TEXT(G9,"dddd, dd mmm yyyy") -> Saturday, 01 Jan 2011 | I9: Formats a date as words
B10: Maximum rentals in an hour | C10: =MAX(f_cnt) -> 249 | D10: MAX | F10: CONCATENATE (&) | G10: =Final_Dataset!T2 -> Sat | H10: =G10&" | "&Final_Dataset!X2&" | "&Final_Dataset!F2&":00" -> Sat | Clear | 0:00 | I10: Joins fields into a label
B11: Std deviation (sample) | C11: =STDEV(f_cnt) -> 50.985558 | D11: STDEV
B12: Total registered rentals | C12: =SUM(f_registered) -> 53383 | D12: SUM
B13: Total casual rentals | C13: =SUM(f_casual) -> 4921 | D13: SUM
B14: Registered share | C14: =C12/C5 -> 0.91559756 | D14: ratio
B15: Hours with Clear weather | C15: =COUNTIF(f_Weather,"Clear") -> 606 | D15: COUNTIF
B16: Rentals on weekends | C16: =SUMIF(f_Day_Type,"Weekend",f_cnt) -> 15869 | D16: SUMIF
B17: Avg rentals: weekday hour | C17: =AVERAGEIF(f_Day_Type,"Weekday",f_cnt) -> 63.335821 | D17: AVERAGEIF
B18: Avg rentals: weekend hour | C18: =AVERAGEIF(f_Day_Type,"Weekend",f_cnt) -> 48.087879 | D18: AVERAGEIF
B19: Rentals in weekday peak hours | C19: =SUMIFS(f_cnt,f_Peak_Hour,"Peak") -> 25431 | D19: SUMIFS
B20: Share of all rentals in peak hours | C20: =C19/C5 -> 0.43617934 | D20: ratio
B21: High-demand hours (>= P75) | C21: =COUNTIF(f_Demand_Level,"High") -> 259 | D21: COUNTIF
B22: Correlation temp vs cnt | C22: =CORREL(f_temp,f_cnt) -> 0.22929155 | D22: CORREL
B23: Correlation humidity vs cnt | C23: =CORREL(f_hum,f_cnt) -> -0.2543533 | D23: CORREL
B24: Correlation registered vs cnt | C24: =CORREL(f_registered,f_cnt) -> 0.98999319 | D24: CORREL
B28: Demand thresholds
B29: 25th percentile of cnt (Low threshold) | C29: =QUARTILE(f_cnt,1) -> 16 | D29: QUARTILE
B30: 75th percentile of cnt (High threshold) | C30: =QUARTILE(f_cnt,3) -> 83 | D30: QUARTILE
B32: Descriptive Statistics
B33: Statistic | C33: temp | D33: atemp | E33: hum | F33: windspeed | G33: casual | H33: registered | I33: cnt
B34: Mean | C34: =AVERAGE(f_temp) -> 0.2059 | D34: =AVERAGE(f_atemp) -> 0.2130204 | E34: =AVERAGE(f_hum) -> 0.58248 | F34: =AVERAGE(f_windspeed) -> 0.1949313 | G34: =AVERAGE(f_casual) -> 4.921 | H34: =AVERAGE(f_registered) -> 53.383 | I34: =AVERAGE(f_cnt) -> 58.304
B35: Median | C35: =MEDIAN(f_temp) -> 0.2 | D35: =MEDIAN(f_atemp) -> 0.2121 | E35: =MEDIAN(f_hum) -> 0.55 | F35: =MEDIAN(f_windspeed) -> 0.1642 | G35: =MEDIAN(f_casual) -> 3 | H35: =MEDIAN(f_registered) -> 46 | I35: =MEDIAN(f_cnt) -> 49
B36: Mode | C36: =MODE(f_temp) -> 0.22 | D36: =MODE(f_atemp) -> 0.2273 | E36: =MODE(f_hum) -> 0.93 | F36: =MODE(f_windspeed) -> 0 | G36: =MODE(f_casual) -> 0 | H36: =MODE(f_registered) -> 1 | I36: =MODE(f_cnt) -> 1
B37: Std Deviation | C37: =STDEV(f_temp) -> 0.078977386 | D37: =STDEV(f_atemp) -> 0.077590772 | E37: =STDEV(f_hum) -> 0.18797709 | F37: =STDEV(f_windspeed) -> 0.12912607 | G37: =STDEV(f_casual) -> 7.6438988 | H37: =STDEV(f_registered) -> 47.893968 | I37: =STDEV(f_cnt) -> 50.985558
B38: Variance | C38: =VAR(f_temp) -> 0.0062374274 | D38: =VAR(f_atemp) -> 0.0060203279 | E38: =VAR(f_hum) -> 0.035335385 | F38: =VAR(f_windspeed) -> 0.016673541 | G38: =VAR(f_casual) -> 58.429188 | H38: =VAR(f_registered) -> 2293.8321 | I38: =VAR(f_cnt) -> 2599.5271
B39: Skewness | C39: =SKEW(f_temp) -> 0.54799688 | D39: =SKEW(f_atemp) -> 0.45310412 | E39: =SKEW(f_hum) -> 0.43689346 | F39: =SKEW(f_windspeed) -> 0.43367506 | G39: =SKEW(f_casual) -> 3.414105 | H39: =SKEW(f_registered) -> 1.2967233 | I39: =SKEW(f_cnt) -> 1.1377091
B40: Kurtosis | C40: =KURT(f_temp) -> 0.77506113 | D40: =KURT(f_atemp) -> 0.66738552 | E40: =KURT(f_hum) -> -0.72312265 | F40: =KURT(f_windspeed) -> -0.20985336 | G40: =KURT(f_casual) -> 15.09774 | H40: =KURT(f_registered) -> 1.6425063 | I40: =KURT(f_cnt) -> 1.0266606
B41: Minimum | C41: =MIN(f_temp) -> 0.02 | D41: =MIN(f_atemp) -> 0 | E41: =MIN(f_hum) -> 0.21 | F41: =MIN(f_windspeed) -> 0 | G41: =MIN(f_casual) -> 0 | H41: =MIN(f_registered) -> 0 | I41: =MIN(f_cnt) -> 1
B42: 1st Quartile | C42: =QUARTILE(f_temp,1) -> 0.16 | D42: =QUARTILE(f_atemp,1) -> 0.1667 | E42: =QUARTILE(f_hum,1) -> 0.44 | F42: =QUARTILE(f_windspeed,1) -> 0.1045 | G42: =QUARTILE(f_casual,1) -> 0 | H42: =QUARTILE(f_registered,1) -> 15 | I42: =QUARTILE(f_cnt,1) -> 16
B43: 3rd Quartile | C43: =QUARTILE(f_temp,3) -> 0.24 | D43: =QUARTILE(f_atemp,3) -> 0.2576 | E43: =QUARTILE(f_hum,3) -> 0.7 | F43: =QUARTILE(f_windspeed,3) -> 0.2836 | G43: =QUARTILE(f_casual,3) -> 6 | H43: =QUARTILE(f_registered,3) -> 74 | I43: =QUARTILE(f_cnt,3) -> 83
B44: Maximum | C44: =MAX(f_temp) -> 0.46 | D44: =MAX(f_atemp) -> 0.4545 | E44: =MAX(f_hum) -> 1 | F44: =MAX(f_windspeed) -> 0.5821 | G44: =MAX(f_casual) -> 62 | H44: =MAX(f_registered) -> 247 | I44: =MAX(f_cnt) -> 249
B45: Range | C45: =MAX(f_temp)-MIN(f_temp) -> 0.44 | D45: =MAX(f_atemp)-MIN(f_atemp) -> 0.4545 | E45: =MAX(f_hum)-MIN(f_hum) -> 0.79 | F45: =MAX(f_windspeed)-MIN(f_windspeed) -> 0.5821 | G45: =MAX(f_casual)-MIN(f_casual) -> 62 | H45: =MAX(f_registered)-MIN(f_registered) -> 247 | I45: =MAX(f_cnt)-MIN(f_cnt) -> 248
B46: Count | C46: =COUNT(f_temp) -> 1000 | D46: =COUNT(f_atemp) -> 1000 | E46: =COUNT(f_hum) -> 1000 | F46: =COUNT(f_windspeed) -> 1000 | G46: =COUNT(f_casual) -> 1000 | H46: =COUNT(f_registered) -> 1000 | I46: =COUNT(f_cnt) -> 1000
B49: Correlation Matrix (CORREL)
C50: temp | D50: atemp | E50: hum | F50: windspeed | G50: casual | H50: registered | I50: cnt
B51: temp | C51: =CORREL(f_temp,f_temp) -> 1 | D51: =CORREL(f_temp,f_atemp) -> 0.93309851 | E51: =CORREL(f_temp,f_hum) -> 0.080720147 | F51: =CORREL(f_temp,f_windspeed) -> 0.12262533 | G51: =CORREL(f_temp,f_casual) -> 0.47022073 | H51: =CORREL(f_temp,f_registered) -> 0.16904505 | I51: =CORREL(f_temp,f_cnt) -> 0.22929155
B52: atemp | C52: =CORREL(f_atemp,f_temp) -> 0.93309851 | D52: =CORREL(f_atemp,f_atemp) -> 1 | E52: =CORREL(f_atemp,f_hum) -> 0.20748413 | F52: =CORREL(f_atemp,f_windspeed) -> -0.20548112 | G52: =CORREL(f_atemp,f_casual) -> 0.42130546 | H52: =CORREL(f_atemp,f_registered) -> 0.12762922 | I52: =CORREL(f_atemp,f_cnt) -> 0.18305353
B53: hum | C53: =CORREL(f_hum,f_temp) -> 0.080720147 | D53: =CORREL(f_hum,f_atemp) -> 0.20748413 | E53: =CORREL(f_hum,f_hum) -> 1 | F53: =CORREL(f_hum,f_windspeed) -> -0.38555035 | G53: =CORREL(f_hum,f_casual) -> -0.25940745 | H53: =CORREL(f_hum,f_registered) -> -0.22937044 | I53: =CORREL(f_hum,f_cnt) -> -0.2543533
B54: windspeed | C54: =CORREL(f_windspeed,f_temp) -> 0.12262533 | D54: =CORREL(f_windspeed,f_atemp) -> -0.20548112 | E54: =CORREL(f_windspeed,f_hum) -> -0.38555035 | F54: =CORREL(f_windspeed,f_windspeed) -> 1 | G54: =CORREL(f_windspeed,f_casual) -> 0.12939194 | H54: =CORREL(f_windspeed,f_registered) -> 0.090058729 | I54: =CORREL(f_windspeed,f_cnt) -> 0.10399668
B55: casual | C55: =CORREL(f_casual,f_temp) -> 0.47022073 | D55: =CORREL(f_casual,f_atemp) -> 0.42130546 | E55: =CORREL(f_casual,f_hum) -> -0.25940745 | F55: =CORREL(f_casual,f_windspeed) -> 0.12939194 | G55: =CORREL(f_casual,f_casual) -> 1 | H55: =CORREL(f_casual,f_registered) -> 0.33770561 | I55: =CORREL(f_casual,f_cnt) -> 0.46715112
B56: registered | C56: =CORREL(f_registered,f_temp) -> 0.16904505 | D56: =CORREL(f_registered,f_atemp) -> 0.12762922 | E56: =CORREL(f_registered,f_hum) -> -0.22937044 | F56: =CORREL(f_registered,f_windspeed) -> 0.090058729 | G56: =CORREL(f_registered,f_casual) -> 0.33770561 | H56: =CORREL(f_registered,f_registered) -> 1 | I56: =CORREL(f_registered,f_cnt) -> 0.98999319
B57: cnt | C57: =CORREL(f_cnt,f_temp) -> 0.22929155 | D57: =CORREL(f_cnt,f_atemp) -> 0.18305353 | E57: =CORREL(f_cnt,f_hum) -> -0.2543533 | F57: =CORREL(f_cnt,f_windspeed) -> 0.10399668 | G57: =CORREL(f_cnt,f_casual) -> 0.46715112 | H57: =CORREL(f_cnt,f_registered) -> 0.98999319 | I57: =CORREL(f_cnt,f_cnt) -> 1

Sheet Anomalies
A1: Anomaly Detection: Hourly Rentals
A2: Each hour is compared with the normal demand for the SAME hour of day (Z-score), so ordinary rush-hour peaks are not flagged.
A4: Z-score threshold (±) | B4: 3 | D4: Hour | E4: Obs | F4: Mean cnt | G4: StDev cnt | H4: Upper limit | I4: Lower limit | J4: Flagged
D5: 0 | E5: =COUNTIF(f_hr,D5) -> 43 | F5: =AVERAGEIF(f_hr,D5,f_cnt) -> 16.348837 | G5: =SQRT(SUMPRODUCT((f_hr=D5)*(f_cnt-F5)^2)/(E5-1)) -> 10.442322 | H5: =F5+$B$4*G5 -> 47.675802 | I5: =MAX(0,F5-$B$4*G5) -> 0 | J5: =COUNTIFS($C$31:$C$1030,D5,$M$31:$M$1030,"?*") -> 0
A6: Hours analysed | B6: =COUNT(I31:I1030) -> 1000 | D6: 1 | E6: =COUNTIF(f_hr,D6) -> 43 | F6: =AVERAGEIF(f_hr,D6,f_cnt) -> 10.697674 | G6: =SQRT(SUMPRODUCT((f_hr=D6)*(f_cnt-F6)^2)/(E6-1)) -> 10.060614 | H6: =F6+$B$4*G6 -> 40.879515 | I6: =MAX(0,F6-$B$4*G6) -> 0 | J6: =COUNTIFS($C$31:$C$1030,D6,$M$31:$M$1030,"?*") -> 1
A7: High anomalies (unusually busy) | B7: =COUNTIF(M31:M1030,"High") -> 7 | D7: 2 | E7: =COUNTIF(f_hr,D7) -> 41 | F7: =AVERAGEIF(f_hr,D7,f_cnt) -> 7.1707317 | G7: =SQRT(SUMPRODUCT((f_hr=D7)*(f_cnt-F7)^2)/(E7-1)) -> 7.3685224 | H7: =F7+$B$4*G7 -> 29.276299 | I7: =MAX(0,F7-$B$4*G7) -> 0 | J7: =COUNTIFS($C$31:$C$1030,D7,$M$31:$M$1030,"?*") -> 1
A8: Low anomalies (unusually quiet) | B8: =COUNTIF(M31:M1030,"Low") -> 0 | D8: 3 | E8: =COUNTIF(f_hr,D8) -> 31 | F8: =AVERAGEIF(f_hr,D8,f_cnt) -> 4.8709677 | G8: =SQRT(SUMPRODUCT((f_hr=D8)*(f_cnt-F8)^2)/(E8-1)) -> 4.470212 | H8: =F8+$B$4*G8 -> 18.281604 | I8: =MAX(0,F8-$B$4*G8) -> 0 | J8: =COUNTIFS($C$31:$C$1030,D8,$M$31:$M$1030,"?*") -> 0
A9: % of hours flagged | B9: =IF(B6=0,0,(B7+B8)/B6) -> 0.007 | D9: 4 | E9: =COUNTIF(f_hr,D9) -> 32 | F9: =AVERAGEIF(f_hr,D9,f_cnt) -> 2.15625 | G9: =SQRT(SUMPRODUCT((f_hr=D9)*(f_cnt-F9)^2)/(E9-1)) -> 1.5263149 | H9: =F9+$B$4*G9 -> 6.7351946 | I9: =MAX(0,F9-$B$4*G9) -> 0 | J9: =COUNTIFS($C$31:$C$1030,D9,$M$31:$M$1030,"?*") -> 1
D10: 5 | E10: =COUNTIF(f_hr,D10) -> 39 | F10: =AVERAGEIF(f_hr,D10,f_cnt) -> 4.2051282 | G10: =SQRT(SUMPRODUCT((f_hr=D10)*(f_cnt-F10)^2)/(E10-1)) -> 2.5358429 | H10: =F10+$B$4*G10 -> 11.812657 | I10: =MAX(0,F10-$B$4*G10) -> 0 | J10: =COUNTIFS($C$31:$C$1030,D10,$M$31:$M$1030,"?*") -> 0
D11: 6 | E11: =COUNTIF(f_hr,D11) -> 42 | F11: =AVERAGEIF(f_hr,D11,f_cnt) -> 19.571429 | G11: =SQRT(SUMPRODUCT((f_hr=D11)*(f_cnt-F11)^2)/(E11-1)) -> 14.202615 | H11: =F11+$B$4*G11 -> 62.179275 | I11: =MAX(0,F11-$B$4*G11) -> 0 | J11: =COUNTIFS($C$31:$C$1030,D11,$M$31:$M$1030,"?*") -> 0
D12: 7 | E12: =COUNTIF(f_hr,D12) -> 43 | F12: =AVERAGEIF(f_hr,D12,f_cnt) -> 54.395349 | G12: =SQRT(SUMPRODUCT((f_hr=D12)*(f_cnt-F12)^2)/(E12-1)) -> 39.112864 | H12: =F12+$B$4*G12 -> 171.73394 | I12: =MAX(0,F12-$B$4*G12) -> 0 | J12: =COUNTIFS($C$31:$C$1030,D12,$M$31:$M$1030,"?*") -> 0
D13: 8 | E13: =COUNTIF(f_hr,D13) -> 42 | F13: =AVERAGEIF(f_hr,D13,f_cnt) -> 128.28571 | G13: =SQRT(SUMPRODUCT((f_hr=D13)*(f_cnt-F13)^2)/(E13-1)) -> 88.551566 | H13: =F13+$B$4*G13 -> 393.94041 | I13: =MAX(0,F13-$B$4*G13) -> 0 | J13: =COUNTIFS($C$31:$C$1030,D13,$M$31:$M$1030,"?*") -> 0
D14: 9 | E14: =COUNTIF(f_hr,D14) -> 42 | F14: =AVERAGEIF(f_hr,D14,f_cnt) -> 87.428571 | G14: =SQRT(SUMPRODUCT((f_hr=D14)*(f_cnt-F14)^2)/(E14-1)) -> 45.938529 | H14: =F14+$B$4*G14 -> 225.24416 | I14: =MAX(0,F14-$B$4*G14) -> 0 | J14: =COUNTIFS($C$31:$C$1030,D14,$M$31:$M$1030,"?*") -> 0
D15: 10 | E15: =COUNTIF(f_hr,D15) -> 42 | F15: =AVERAGEIF(f_hr,D15,f_cnt) -> 53.642857 | G15: =SQRT(SUMPRODUCT((f_hr=D15)*(f_cnt-F15)^2)/(E15-1)) -> 15.395314 | H15: =F15+$B$4*G15 -> 99.828798 | I15: =MAX(0,F15-$B$4*G15) -> 7.4569165 | J15: =COUNTIFS($C$31:$C$1030,D15,$M$31:$M$1030,"?*") -> 1
D16: 11 | E16: =COUNTIF(f_hr,D16) -> 42 | F16: =AVERAGEIF(f_hr,D16,f_cnt) -> 59.380952 | G16: =SQRT(SUMPRODUCT((f_hr=D16)*(f_cnt-F16)^2)/(E16-1)) -> 20.895737 | H16: =F16+$B$4*G16 -> 122.06816 | I16: =MAX(0,F16-$B$4*G16) -> 0 | J16: =COUNTIFS($C$31:$C$1030,D16,$M$31:$M$1030,"?*") -> 0
D17: 12 | E17: =COUNTIF(f_hr,D17) -> 43 | F17: =AVERAGEIF(f_hr,D17,f_cnt) -> 76.348837 | G17: =SQRT(SUMPRODUCT((f_hr=D17)*(f_cnt-F17)^2)/(E17-1)) -> 29.034367 | H17: =F17+$B$4*G17 -> 163.45194 | I17: =MAX(0,F17-$B$4*G17) -> 0 | J17: =COUNTIFS($C$31:$C$1030,D17,$M$31:$M$1030,"?*") -> 1
D18: 13 | E18: =COUNTIF(f_hr,D18) -> 43 | F18: =AVERAGEIF(f_hr,D18,f_cnt) -> 78.511628 | G18: =SQRT(SUMPRODUCT((f_hr=D18)*(f_cnt-F18)^2)/(E18-1)) -> 30.07243 | H18: =F18+$B$4*G18 -> 168.72892 | I18: =MAX(0,F18-$B$4*G18) -> 0 | J18: =COUNTIFS($C$31:$C$1030,D18,$M$31:$M$1030,"?*") -> 1
D19: 14 | E19: =COUNTIF(f_hr,D19) -> 43 | F19: =AVERAGEIF(f_hr,D19,f_cnt) -> 74.418605 | G19: =SQRT(SUMPRODUCT((f_hr=D19)*(f_cnt-F19)^2)/(E19-1)) -> 30.305769 | H19: =F19+$B$4*G19 -> 165.33591 | I19: =MAX(0,F19-$B$4*G19) -> 0 | J19: =COUNTIFS($C$31:$C$1030,D19,$M$31:$M$1030,"?*") -> 0
D20: 15 | E20: =COUNTIF(f_hr,D20) -> 43 | F20: =AVERAGEIF(f_hr,D20,f_cnt) -> 77.953488 | G20: =SQRT(SUMPRODUCT((f_hr=D20)*(f_cnt-F20)^2)/(E20-1)) -> 34.481157 | H20: =F20+$B$4*G20 -> 181.39696 | I20: =MAX(0,F20-$B$4*G20) -> 0 | J20: =COUNTIFS($C$31:$C$1030,D20,$M$31:$M$1030,"?*") -> 1
D21: 16 | E21: =COUNTIF(f_hr,D21) -> 44 | F21: =AVERAGEIF(f_hr,D21,f_cnt) -> 89.272727 | G21: =SQRT(SUMPRODUCT((f_hr=D21)*(f_cnt-F21)^2)/(E21-1)) -> 25.461657 | H21: =F21+$B$4*G21 -> 165.6577 | I21: =MAX(0,F21-$B$4*G21) -> 12.887756 | J21: =COUNTIFS($C$31:$C$1030,D21,$M$31:$M$1030,"?*") -> 0
... D28: 23 | E28: =COUNTIF(f_hr,D28) -> 43 | F28: =AVERAGEIF(f_hr,D28,f_cnt) -> 25.186047 | G28: =SQRT(SUMPRODUCT((f_hr=D28)*(f_cnt-F28)^2)/(E28-1)) -> 11.751911 | H28: =F28+$B$4*G28 -> 60.44178 | I28: =MAX(0,F28-$B$4*G28) -> 0 | J28: =COUNTIFS($C$31:$C$1030,D28,$M$31:$M$1030,"?*") -> 0
A29: Row-level detail (orange row = flagged). Use the filter arrows to show only flagged hours.
A30: Instant | B30: Date | C30: Hour | D30: Day | E30: Weather | F30: Temp | G30: Humidity | H30: Windspeed | I30: cnt | J30: Hour mean | K30: Hour StDev | L30: Z-score | M30: Flag
A31: =Final_Dataset!A2 -> 1 | B31: =Final_Dataset!B2 -> 40544 | C31: =Final_Dataset!F2 -> 0 | D31: =Final_Dataset!T2 -> Sat | E31: =Final_Dataset!X2 -> Clear | F31: =Final_Dataset!J2 -> 0.24 | G31: =Final_Dataset!L2 -> 0.81 | H31: =Final_Dataset!M2 -> 0 | I31: =Final_Dataset!P2 -> 16 | J31: =INDEX($F$5:$F$28,MATCH(C31,$D$5:$D$28,0)) -> 16.348837 | K31: =INDEX($G$5:$G$28,MATCH(C31,$D$5:$D$28,0)) -> 10.442322 | L31: =IF(K31=0,0,(I31-J31)/K31) -> -0.033406097 | M31: =IF(ABS(L31)>=$B$4,IF(L31>0,"High","Low"),"")
A32: =Final_Dataset!A3 -> 2 | B32: =Final_Dataset!B3 -> 40544 | C32: =Final_Dataset!F3 -> 1 | D32: =Final_Dataset!T3 -> Sat | E32: =Final_Dataset!X3 -> Clear | F32: =Final_Dataset!J3 -> 0.22 | G32: =Final_Dataset!L3 -> 0.8 | H32: =Final_Dataset!M3 -> 0 | I32: =Final_Dataset!P3 -> 40 | J32: =INDEX($F$5:$F$28,MATCH(C32,$D$5:$D$28,0)) -> 10.697674 | K32: =INDEX($G$5:$G$28,MATCH(C32,$D$5:$D$28,0)) -> 10.060614 | L32: =IF(K32=0,0,(I32-J32)/K32) -> 2.9125784 | M32: =IF(ABS(L32)>=$B$4,IF(L32>0,"High","Low"),"")
A33: =Final_Dataset!A4 -> 3 | B33: =Final_Dataset!B4 -> 40544 | C33: =Final_Dataset!F4 -> 2 | D33: =Final_Dataset!T4 -> Sat | E33: =Final_Dataset!X4 -> Clear | F33: =Final_Dataset!J4 -> 0.22 | G33: =Final_Dataset!L4 -> 0.8 | H33: =Final_Dataset!M4 -> 0 | I33: =Final_Dataset!P4 -> 32 | J33: =INDEX($F$5:$F$28,MATCH(C33,$D$5:$D$28,0)) -> 7.1707317 | K33: =INDEX($G$5:$G$28,MATCH(C33,$D$5:$D$28,0)) -> 7.3685224 | L33: =IF(K33=0,0,(I33-J33)/K33) -> 3.3696401 | M33: =IF(ABS(L33)>=$B$4,IF(L33>0,"High","Low"),"") -> High
A34: =Final_Dataset!A5 -> 4 | B34: =Final_Dataset!B5 -> 40544 | C34: =Final_Dataset!F5 -> 3 | D34: =Final_Dataset!T5 -> Sat | E34: =Final_Dataset!X5 -> Clear | F34: =Final_Dataset!J5 -> 0.24 | G34: =Final_Dataset!L5 -> 0.75 | H34: =Final_Dataset!M5 -> 0 | I34: =Final_Dataset!P5 -> 13 | J34: =INDEX($F$5:$F$28,MATCH(C34,$D$5:$D$28,0)) -> 4.8709677 | K34: =INDEX($G$5:$G$28,MATCH(C34,$D$5:$D$28,0)) -> 4.470212 | L34: =IF(K34=0,0,(I34-J34)/K34) -> 1.8184892 | M34: =IF(ABS(L34)>=$B$4,IF(L34>0,"High","Low"),"")
A35: =Final_Dataset!A6 -> 5 | B35: =Final_Dataset!B6 -> 40544 | C35: =Final_Dataset!F6 -> 4 | D35: =Final_Dataset!T6 -> Sat | E35: =Final_Dataset!X6 -> Clear | F35: =Final_Dataset!J6 -> 0.24 | G35: =Final_Dataset!L6 -> 0.75 | H35: =Final_Dataset!M6 -> 0 | I35: =Final_Dataset!P6 -> 1 | J35: =INDEX($F$5:$F$28,MATCH(C35,$D$5:$D$28,0)) -> 2.15625 | K35: =INDEX($G$5:$G$28,MATCH(C35,$D$5:$D$28,0)) -> 1.5263149 | L35: =IF(K35=0,0,(I35-J35)/K35) -> -0.75754356 | M35: =IF(ABS(L35)>=$B$4,IF(L35>0,"High","Low"),"")
A36: =Final_Dataset!A7 -> 6 | B36: =Final_Dataset!B7 -> 40544 | C36: =Final_Dataset!F7 -> 5 | D36: =Final_Dataset!T7 -> Sat | E36: =Final_Dataset!X7 -> Cloudy/Mist | F36: =Final_Dataset!J7 -> 0.24 | G36: =Final_Dataset!L7 -> 0.75 | H36: =Final_Dataset!M7 -> 0.0896 | I36: =Final_Dataset!P7 -> 1 | J36: =INDEX($F$5:$F$28,MATCH(C36,$D$5:$D$28,0)) -> 4.2051282 | K36: =INDEX($G$5:$G$28,MATCH(C36,$D$5:$D$28,0)) -> 2.5358429 | L36: =IF(K36=0,0,(I36-J36)/K36) -> -1.2639301 | M36: =IF(ABS(L36)>=$B$4,IF(L36>0,"High","Low"),"")
A37: =Final_Dataset!A8 -> 7 | B37: =Final_Dataset!B8 -> 40544 | C37: =Final_Dataset!F8 -> 6 | D37: =Final_Dataset!T8 -> Sat | E37: =Final_Dataset!X8 -> Clear | F37: =Final_Dataset!J8 -> 0.22 | G37: =Final_Dataset!L8 -> 0.8 | H37: =Final_Dataset!M8 -> 0 | I37: =Final_Dataset!P8 -> 2 | J37: =INDEX($F$5:$F$28,MATCH(C37,$D$5:$D$28,0)) -> 19.571429 | K37: =INDEX($G$5:$G$28,MATCH(C37,$D$5:$D$28,0)) -> 14.202615 | L37: =IF(K37=0,0,(I37-J37)/K37) -> -1.2371967 | M37: =IF(ABS(L37)>=$B$4,IF(L37>0,"High","Low"),"")
A38: =Final_Dataset!A9 -> 8 | B38: =Final_Dataset!B9 -> 40544 | C38: =Final_Dataset!F9 -> 7 | D38: =Final_Dataset!T9 -> Sat | E38: =Final_Dataset!X9 -> Clear | F38: =Final_Dataset!J9 -> 0.2 | G38: =Final_Dataset!L9 -> 0.86 | H38: =Final_Dataset!M9 -> 0 | I38: =Final_Dataset!P9 -> 3 | J38: =INDEX($F$5:$F$28,MATCH(C38,$D$5:$D$28,0)) -> 54.395349 | K38: =INDEX($G$5:$G$28,MATCH(C38,$D$5:$D$28,0)) -> 39.112864 | L38: =IF(K38=0,0,(I38-J38)/K38) -> -1.3140267 | M38: =IF(ABS(L38)>=$B$4,IF(L38>0,"High","Low"),"")
A39: =Final_Dataset!A10 -> 9 | B39: =Final_Dataset!B10 -> 40544 | C39: =Final_Dataset!F10 -> 8 | D39: =Final_Dataset!T10 -> Sat | E39: =Final_Dataset!X10 -> Clear | F39: =Final_Dataset!J10 -> 0.24 | G39: =Final_Dataset!L10 -> 0.75 | H39: =Final_Dataset!M10 -> 0 | I39: =Final_Dataset!P10 -> 8 | J39: =INDEX($F$5:$F$28,MATCH(C39,$D$5:$D$28,0)) -> 128.28571 | K39: =INDEX($G$5:$G$28,MATCH(C39,$D$5:$D$28,0)) -> 88.551566 | L39: =IF(K39=0,0,(I39-J39)/K39) -> -1.3583691 | M39: =IF(ABS(L39)>=$B$4,IF(L39>0,"High","Low"),"")
A40: =Final_Dataset!A11 -> 10 | B40: =Final_Dataset!B11 -> 40544 | C40: =Final_Dataset!F11 -> 9 | D40: =Final_Dataset!T11 -> Sat | E40: =Final_Dataset!X11 -> Clear | F40: =Final_Dataset!J11 -> 0.32 | G40: =Final_Dataset!L11 -> 0.76 | H40: =Final_Dataset!M11 -> 0 | I40: =Final_Dataset!P11 -> 14 | J40: =INDEX($F$5:$F$28,MATCH(C40,$D$5:$D$28,0)) -> 87.428571 | K40: =INDEX($G$5:$G$28,MATCH(C40,$D$5:$D$28,0)) -> 45.938529 | L40: =IF(K40=0,0,(I40-J40)/K40) -> -1.5984093 | M40: =IF(ABS(L40)>=$B$4,IF(L40>0,"High","Low"),"")
A41: =Final_Dataset!A12 -> 11 | B41: =Final_Dataset!B12 -> 40544 | C41: =Final_Dataset!F12 -> 10 | D41: =Final_Dataset!T12 -> Sat | E41: =Final_Dataset!X12 -> Clear | F41: =Final_Dataset!J12 -> 0.38 | G41: =Final_Dataset!L12 -> 0.76 | H41: =Final_Dataset!M12 -> 0.2537 | I41: =Final_Dataset!P12 -> 36 | J41: =INDEX($F$5:$F$28,MATCH(C41,$D$5:$D$28,0)) -> 53.642857 | K41: =INDEX($G$5:$G$28,MATCH(C41,$D$5:$D$28,0)) -> 15.395314 | L41: =IF(K41=0,0,(I41-J41)/K41) -> -1.1459888 | M41: =IF(ABS(L41)>=$B$4,IF(L41>0,"High","Low"),"")
A42: =Final_Dataset!A13 -> 12 | B42: =Final_Dataset!B13 -> 40544 | C42: =Final_Dataset!F13 -> 11 | D42: =Final_Dataset!T13 -> Sat | E42: =Final_Dataset!X13 -> Clear | F42: =Final_Dataset!J13 -> 0.36 | G42: =Final_Dataset!L13 -> 0.81 | H42: =Final_Dataset!M13 -> 0.2836 | I42: =Final_Dataset!P13 -> 56 | J42: =INDEX($F$5:$F$28,MATCH(C42,$D$5:$D$28,0)) -> 59.380952 | K42: =INDEX($G$5:$G$28,MATCH(C42,$D$5:$D$28,0)) -> 20.895737 | L42: =IF(K42=0,0,(I42-J42)/K42) -> -0.16180106 | M42: =IF(ABS(L42)>=$B$4,IF(L42>0,"High","Low"),"")
... A1030: =Final_Dataset!A1001 -> 1000 | B1030: =Final_Dataset!B1001 -> 40588 | C1030: =Final_Dataset!F1001 -> 7 | D1030: =Final_Dataset!T1001 -> Mon | E1030: =Final_Dataset!X1001 -> Clear | F1030: =Final_Dataset!J1001 -> 0.34 | G1030: =Final_Dataset!L1001 -> 0.46 | H1030: =Final_Dataset!M1001 -> 0.2985 | I1030: =Final_Dataset!P1001 -> 98 | J1030: =INDEX($F$5:$F$28,MATCH(C1030,$D$5:$D$28,0)) -> 54.395349 | K1030: =INDEX($G$5:$G$28,MATCH(C1030,$D$5:$D$28,0)) -> 39.112864 | L1030: =IF(K1030=0,0,(I1030-J1030)/K1030) -> 1.1148417 | M1030: =IF(ABS(L1030)>=$B$4,IF(L1030>0,"High","Low"),"")

Sheet Forecast
A1: Forecast: Next 48 Hours of Rentals
A2: Excel's FORECAST.ETS (the engine behind Data > Forecast Sheet): exponential smoothing with a 24-hour daily cycle, 95% confidence band.
A4: Seasonality (hours) | B4: 24 | D4: Alpha (level) | E4: =_xlfn.FORECAST.ETS.STAT($C$15:$C$1014,$B$15:$B$1014,1,$B$4,$B$6,$B$7) -> 0.9
A5: Confidence level | B5: 0.95 | D5: Beta (trend) | E5: =_xlfn.FORECAST.ETS.STAT($C$15:$C$1014,$B$15:$B$1014,2,$B$4,$B$6,$B$7) -> 0.001
A6: Data completion (1 = interpolate gaps) | B6: 1 | D6: Gamma (seasonality) | E6: =_xlfn.FORECAST.ETS.STAT($C$15:$C$1014,$B$15:$B$1014,3,$B$4,$B$6,$B$7) -> 0.099
A7: Aggregation (1 = average) | B7: 1 | D7: MASE | E7: =_xlfn.FORECAST.ETS.STAT($C$15:$C$1014,$B$15:$B$1014,4,$B$4,$B$6,$B$7) -> 0.98020974
D8: SMAPE | E8: =_xlfn.FORECAST.ETS.STAT($C$15:$C$1014,$B$15:$B$1014,5,$B$4,$B$6,$B$7) -> 0.49510302
D9: MAE | E9: =_xlfn.FORECAST.ETS.STAT($C$15:$C$1014,$B$15:$B$1014,6,$B$4,$B$6,$B$7) -> 20.741238
D10: RMSE | E10: =_xlfn.FORECAST.ETS.STAT($C$15:$C$1014,$B$15:$B$1014,7,$B$4,$B$6,$B$7) -> 29.805179
A14: Timestamp | B14: Hour index | C14: Actual rentals | D14: Forecast | E14: Lower 95% | F14: Upper 95%
A15: =Final_Dataset!R2 -> 40544 | B15: =ROUND((A15-$A$15)*24,0) -> 0 | C15: =Final_Dataset!P2 -> 16
A16: =Final_Dataset!R3 -> 40544.042 | B16: =ROUND((A16-$A$15)*24,0) -> 1 | C16: =Final_Dataset!P3 -> 40
A17: =Final_Dataset!R4 -> 40544.083 | B17: =ROUND((A17-$A$15)*24,0) -> 2 | C17: =Final_Dataset!P4 -> 32
A18: =Final_Dataset!R5 -> 40544.125 | B18: =ROUND((A18-$A$15)*24,0) -> 3 | C18: =Final_Dataset!P5 -> 13
A19: =Final_Dataset!R6 -> 40544.167 | B19: =ROUND((A19-$A$15)*24,0) -> 4 | C19: =Final_Dataset!P6 -> 1
A20: =Final_Dataset!R7 -> 40544.208 | B20: =ROUND((A20-$A$15)*24,0) -> 5 | C20: =Final_Dataset!P7 -> 1
A21: =Final_Dataset!R8 -> 40544.25 | B21: =ROUND((A21-$A$15)*24,0) -> 6 | C21: =Final_Dataset!P8 -> 2
A22: =Final_Dataset!R9 -> 40544.292 | B22: =ROUND((A22-$A$15)*24,0) -> 7 | C22: =Final_Dataset!P9 -> 3
A23: =Final_Dataset!R10 -> 40544.333 | B23: =ROUND((A23-$A$15)*24,0) -> 8 | C23: =Final_Dataset!P10 -> 8
A24: =Final_Dataset!R11 -> 40544.375 | B24: =ROUND((A24-$A$15)*24,0) -> 9 | C24: =Final_Dataset!P11 -> 14
A25: =Final_Dataset!R12 -> 40544.417 | B25: =ROUND((A25-$A$15)*24,0) -> 10 | C25: =Final_Dataset!P12 -> 36
A26: =Final_Dataset!R13 -> 40544.458 | B26: =ROUND((A26-$A$15)*24,0) -> 11 | C26: =Final_Dataset!P13 -> 56
... A1013: =Final_Dataset!R1000 -> 40588.25 | B1013: =ROUND((A1013-$A$15)*24,0) -> 1062 | C1013: =Final_Dataset!P1000 -> 26
A1014: =Final_Dataset!R1001 -> 40588.292 | B1014: =ROUND((A1014-$A$15)*24,0) -> 1063 | C1014: =Final_Dataset!P1001 -> 98 | D1014: =C1014 -> 98
A1015: =$A$15+B1015/24 -> 40588.333 | B1015: =B1014+1 -> 1064 | D1015: =MAX(0,_xlfn.FORECAST.ETS(B1015,$C$15:$C$1014,$B$15:$B$1014,$B$4,$B$6,$B$7)) -> 167.20089 | E1015: =MAX(0,D1015-_xlfn.FORECAST.ETS.CONFINT(B1015,$C$15:$C$1014,$B$15:$B$1014,$B$5,$B$4,$B$6,$B$7)) -> 114.7825 | F1015: =D1015+_xlfn.FORECAST.ETS.CONFINT(B1015,$C$15:$C$1014,$B$15:$B$1014,$B$5,$B$4,$B$6,$B$7) -> 219.61929
A1016: =$A$15+B1016/24 -> 40588.375 | B1016: =B1014+2 -> 1065 | D1016: =MAX(0,_xlfn.FORECAST.ETS(B1016,$C$15:$C$1014,$B$15:$B$1014,$B$4,$B$6,$B$7)) -> 129.76592 | E1016: =MAX(0,D1016-_xlfn.FORECAST.ETS.CONFINT(B1016,$C$15:$C$1014,$B$15:$B$1014,$B$5,$B$4,$B$6,$B$7)) -> 59.209109 | F1016: =D1016+_xlfn.FORECAST.ETS.CONFINT(B1016,$C$15:$C$1014,$B$15:$B$1014,$B$5,$B$4,$B$6,$B$7) -> 200.32274
A1017: =$A$15+B1017/24 -> 40588.417 | B1017: =B1014+3 -> 1066 | D1017: =MAX(0,_xlfn.FORECAST.ETS(B1017,$C$15:$C$1014,$B$15:$B$1014,$B$4,$B$6,$B$7)) -> 91.433804 | E1017: =MAX(0,D1017-_xlfn.FORECAST.ETS.CONFINT(B1017,$C$15:$C$1014,$B$15:$B$1014,$B$5,$B$4,$B$6,$B$7)) -> 6.4997475 | F1017: =D1017+_xlfn.FORECAST.ETS.CONFINT(B1017,$C$15:$C$1014,$B$15:$B$1014,$B$5,$B$4,$B$6,$B$7) -> 176.36786
A1018: =$A$15+B1018/24 -> 40588.458 | B1018: =B1014+4 -> 1067 | D1018: =MAX(0,_xlfn.FORECAST.ETS(B1018,$C$15:$C$1014,$B$15:$B$1014,$B$4,$B$6,$B$7)) -> 92.871566 | E1018: =MAX(0,D1018-_xlfn.FORECAST.ETS.CONFINT(B1018,$C$15:$C$1014,$B$15:$B$1014,$B$5,$B$4,$B$6,$B$7)) -> 0 | F1018: =D1018+_xlfn.FORECAST.ETS.CONFINT(B1018,$C$15:$C$1014,$B$15:$B$1014,$B$5,$B$4,$B$6,$B$7) -> 190.10471
A1019: =$A$15+B1019/24 -> 40588.5 | B1019: =B1014+5 -> 1068 | D1019: =MAX(0,_xlfn.FORECAST.ETS(B1019,$C$15:$C$1014,$B$15:$B$1014,$B$4,$B$6,$B$7)) -> 110.35799 | E1019: =MAX(0,D1019-_xlfn.FORECAST.ETS.CONFINT(B1019,$C$15:$C$1014,$B$15:$B$1014,$B$5,$B$4,$B$6,$B$7)) -> 2.192664 | F1019: =D1019+_xlfn.FORECAST.ETS.CONFINT(B1019,$C$15:$C$1014,$B$15:$B$1014,$B$5,$B$4,$B$6,$B$7) -> 218.52332
A1020: =$A$15+B1020/24 -> 40588.542 | B1020: =B1014+6 -> 1069 | D1020: =MAX(0,_xlfn.FORECAST.ETS(B1020,$C$15:$C$1014,$B$15:$B$1014,$B$4,$B$6,$B$7)) -> 113.23372 | E1020: =MAX(0,D1020-_xlfn.FORECAST.ETS.CONFINT(B1020,$C$15:$C$1014,$B$15:$B$1014,$B$5,$B$4,$B$6,$B$7)) -> 0 | F1020: =D1020+_xlfn.FORECAST.ETS.CONFINT(B1020,$C$15:$C$1014,$B$15:$B$1014,$B$5,$B$4,$B$6,$B$7) -> 231.34453
A1021: =$A$15+B1021/24 -> 40588.583 | B1021: =B1014+7 -> 1070 | D1021: =MAX(0,_xlfn.FORECAST.ETS(B1021,$C$15:$C$1014,$B$15:$B$1014,$B$4,$B$6,$B$7)) -> 108.1067 | E1021: =MAX(0,D1021-_xlfn.FORECAST.ETS.CONFINT(B1021,$C$15:$C$1014,$B$15:$B$1014,$B$5,$B$4,$B$6,$B$7)) -> 0 | F1021: =D1021+_xlfn.FORECAST.ETS.CONFINT(B1021,$C$15:$C$1014,$B$15:$B$1014,$B$5,$B$4,$B$6,$B$7) -> 235.40778
A1022: =$A$15+B1022/24 -> 40588.625 | B1022: =B1014+8 -> 1071 | D1022: =MAX(0,_xlfn.FORECAST.ETS(B1022,$C$15:$C$1014,$B$15:$B$1014,$B$4,$B$6,$B$7)) -> 119.50267 | E1022: =MAX(0,D1022-_xlfn.FORECAST.ETS.CONFINT(B1022,$C$15:$C$1014,$B$15:$B$1014,$B$5,$B$4,$B$6,$B$7)) -> 0 | F1022: =D1022+_xlfn.FORECAST.ETS.CONFINT(B1022,$C$15:$C$1014,$B$15:$B$1014,$B$5,$B$4,$B$6,$B$7) -> 255.39214
A1023: =$A$15+B1023/24 -> 40588.667 | B1023: =B1014+9 -> 1072 | D1023: =MAX(0,_xlfn.FORECAST.ETS(B1023,$C$15:$C$1014,$B$15:$B$1014,$B$4,$B$6,$B$7)) -> 133.49789 | E1023: =MAX(0,D1023-_xlfn.FORECAST.ETS.CONFINT(B1023,$C$15:$C$1014,$B$15:$B$1014,$B$5,$B$4,$B$6,$B$7)) -> 0 | F1023: =D1023+_xlfn.FORECAST.ETS.CONFINT(B1023,$C$15:$C$1014,$B$15:$B$1014,$B$5,$B$4,$B$6,$B$7) -> 277.48163
A1024: =$A$15+B1024/24 -> 40588.708 | B1024: =B1014+10 -> 1073 | D1024: =MAX(0,_xlfn.FORECAST.ETS(B1024,$C$15:$C$1014,$B$15:$B$1014,$B$4,$B$6,$B$7)) -> 188.33399 | E1024: =MAX(0,D1024-_xlfn.FORECAST.ETS.CONFINT(B1024,$C$15:$C$1014,$B$15:$B$1014,$B$5,$B$4,$B$6,$B$7)) -> 36.670943 | F1024: =D1024+_xlfn.FORECAST.ETS.CONFINT(B1024,$C$15:$C$1014,$B$15:$B$1014,$B$5,$B$4,$B$6,$B$7) -> 339.99704
A1025: =$A$15+B1025/24 -> 40588.75 | B1025: =B1014+11 -> 1074 | D1025: =MAX(0,_xlfn.FORECAST.ETS(B1025,$C$15:$C$1014,$B$15:$B$1014,$B$4,$B$6,$B$7)) -> 164.78626 | E1025: =MAX(0,D1025-_xlfn.FORECAST.ETS.CONFINT(B1025,$C$15:$C$1014,$B$15:$B$1014,$B$5,$B$4,$B$6,$B$7)) -> 5.7987117 | F1025: =D1025+_xlfn.FORECAST.ETS.CONFINT(B1025,$C$15:$C$1014,$B$15:$B$1014,$B$5,$B$4,$B$6,$B$7) -> 323.77381
A1026: =$A$15+B1026/24 -> 40588.792 | B1026: =B1014+12 -> 1075 | D1026: =MAX(0,_xlfn.FORECAST.ETS(B1026,$C$15:$C$1014,$B$15:$B$1014,$B$4,$B$6,$B$7)) -> 120.73622 | E1026: =MAX(0,D1026-_xlfn.FORECAST.ETS.CONFINT(B1026,$C$15:$C$1014,$B$15:$B$1014,$B$5,$B$4,$B$6,$B$7)) -> 0 | F1026: =D1026+_xlfn.FORECAST.ETS.CONFINT(B1026,$C$15:$C$1014,$B$15:$B$1014,$B$5,$B$4,$B$6,$B$7) -> 286.74045
A1027: =$A$15+B1027/24 -> 40588.833 | B1027: =B1014+13 -> 1076 | D1027: =MAX(0,_xlfn.FORECAST.ETS(B1027,$C$15:$C$1014,$B$15:$B$1014,$B$4,$B$6,$B$7)) -> 101.20384 | E1027: =MAX(0,D1027-_xlfn.FORECAST.ETS.CONFINT(B1027,$C$15:$C$1014,$B$15:$B$1014,$B$5,$B$4,$B$6,$B$7)) -> 0 | F1027: =D1027+_xlfn.FORECAST.ETS.CONFINT(B1027,$C$15:$C$1014,$B$15:$B$1014,$B$5,$B$4,$B$6,$B$7) -> 273.95446
A1028: =$A$15+B1028/24 -> 40588.875 | B1028: =B1014+14 -> 1077 | D1028: =MAX(0,_xlfn.FORECAST.ETS(B1028,$C$15:$C$1014,$B$15:$B$1014,$B$4,$B$6,$B$7)) -> 85.477139 | E1028: =MAX(0,D1028-_xlfn.FORECAST.ETS.CONFINT(B1028,$C$15:$C$1014,$B$15:$B$1014,$B$5,$B$4,$B$6,$B$7)) -> 0 | F1028: =D1028+_xlfn.FORECAST.ETS.CONFINT(B1028,$C$15:$C$1014,$B$15:$B$1014,$B$5,$B$4,$B$6,$B$7) -> 264.7344
A1029: =$A$15+B1029/24 -> 40588.917 | B1029: =B1014+15 -> 1078 | D1029: =MAX(0,_xlfn.FORECAST.ETS(B1029,$C$15:$C$1014,$B$15:$B$1014,$B$4,$B$6,$B$7)) -> 61.879144 | E1029: =MAX(0,D1029-_xlfn.FORECAST.ETS.CONFINT(B1029,$C$15:$C$1014,$B$15:$B$1014,$B$5,$B$4,$B$6,$B$7)) -> 0 | F1029: =D1029+_xlfn.FORECAST.ETS.CONFINT(B1029,$C$15:$C$1014,$B$15:$B$1014,$B$5,$B$4,$B$6,$B$7) -> 247.42852
A1030: =$A$15+B1030/24 -> 40588.958 | B1030: =B1014+16 -> 1079 | D1030: =MAX(0,_xlfn.FORECAST.ETS(B1030,$C$15:$C$1014,$B$15:$B$1014,$B$4,$B$6,$B$7)) -> 49.850611 | E1030: =MAX(0,D1030-_xlfn.FORECAST.ETS.CONFINT(B1030,$C$15:$C$1014,$B$15:$B$1014,$B$5,$B$4,$B$6,$B$7)) -> 0 | F1030: =D1030+_xlfn.FORECAST.ETS.CONFINT(B1030,$C$15:$C$1014,$B$15:$B$1014,$B$5,$B$4,$B$6,$B$7) -> 241.49874
A1031: =$A$15+B1031/24 -> 40589 | B1031: =B1014+17 -> 1080 | D1031: =MAX(0,_xlfn.FORECAST.ETS(B1031,$C$15:$C$1014,$B$15:$B$1014,$B$4,$B$6,$B$7)) -> 38.481638 | E1031: =MAX(0,D1031-_xlfn.FORECAST.ETS.CONFINT(B1031,$C$15:$C$1014,$B$15:$B$1014,$B$5,$B$4,$B$6,$B$7)) -> 0 | F1031: =D1031+_xlfn.FORECAST.ETS.CONFINT(B1031,$C$15:$C$1014,$B$15:$B$1014,$B$5,$B$4,$B$6,$B$7) -> 236.05307
A1032: =$A$15+B1032/24 -> 40589.042 | B1032: =B1014+18 -> 1081 | D1032: =MAX(0,_xlfn.FORECAST.ETS(B1032,$C$15:$C$1014,$B$15:$B$1014,$B$4,$B$6,$B$7)) -> 35.208782 | E1032: =MAX(0,D1032-_xlfn.FORECAST.ETS.CONFINT(B1032,$C$15:$C$1014,$B$15:$B$1014,$B$5,$B$4,$B$6,$B$7)) -> 0 | F1032: =D1032+_xlfn.FORECAST.ETS.CONFINT(B1032,$C$15:$C$1014,$B$15:$B$1014,$B$5,$B$4,$B$6,$B$7) -> 238.54341
A1033: =$A$15+B1033/24 -> 40589.083 | B1033: =B1014+19 -> 1082 | D1033: =MAX(0,_xlfn.FORECAST.ETS(B1033,$C$15:$C$1014,$B$15:$B$1014,$B$4,$B$6,$B$7)) -> 35.327588 | E1033: =MAX(0,D1033-_xlfn.FORECAST.ETS.CONFINT(B1033,$C$15:$C$1014,$B$15:$B$1014,$B$5,$B$4,$B$6,$B$7)) -> 0 | F1033: =D1033+_xlfn.FORECAST.ETS.CONFINT(B1033,$C$15:$C$1014,$B$15:$B$1014,$B$5,$B$4,$B$6,$B$7) -> 244.27857
A1034: =$A$15+B1034/24 -> 40589.125 | B1034: =B1014+20 -> 1083 | D1034: =MAX(0,_xlfn.FORECAST.ETS(B1034,$C$15:$C$1014,$B$15:$B$1014,$B$4,$B$6,$B$7)) -> 37.465631 | E1034: =MAX(0,D1034-_xlfn.FORECAST.ETS.CONFINT(B1034,$C$15:$C$1014,$B$15:$B$1014,$B$5,$B$4,$B$6,$B$7)) -> 0 | F1034: =D1034+_xlfn.FORECAST.ETS.CONFINT(B1034,$C$15:$C$1014,$B$15:$B$1014,$B$5,$B$4,$B$6,$B$7) -> 251.89768
A1035: =$A$15+B1035/24 -> 40589.167 | B1035: =B1014+21 -> 1084 | D1035: =MAX(0,_xlfn.FORECAST.ETS(B1035,$C$15:$C$1014,$B$15:$B$1014,$B$4,$B$6,$B$7)) -> 39.174205 | E1035: =MAX(0,D1035-_xlfn.FORECAST.ETS.CONFINT(B1035,$C$15:$C$1014,$B$15:$B$1014,$B$5,$B$4,$B$6,$B$7)) -> 0 | F1035: =D1035+_xlfn.FORECAST.ETS.CONFINT(B1035,$C$15:$C$1014,$B$15:$B$1014,$B$5,$B$4,$B$6,$B$7) -> 258.96216
A1036: =$A$15+B1036/24 -> 40589.208 | B1036: =B1014+22 -> 1085 | D1036: =MAX(0,_xlfn.FORECAST.ETS(B1036,$C$15:$C$1014,$B$15:$B$1014,$B$4,$B$6,$B$7)) -> 43.541934 | E1036: =MAX(0,D1036-_xlfn.FORECAST.ETS.CONFINT(B1036,$C$15:$C$1014,$B$15:$B$1014,$B$5,$B$4,$B$6,$B$7)) -> 0 | F1036: =D1036+_xlfn.FORECAST.ETS.CONFINT(B1036,$C$15:$C$1014,$B$15:$B$1014,$B$5,$B$4,$B$6,$B$7) -> 268.56959
A1037: =$A$15+B1037/24 -> 40589.25 | B1037: =B1014+23 -> 1086 | D1037: =MAX(0,_xlfn.FORECAST.ETS(B1037,$C$15:$C$1014,$B$15:$B$1014,$B$4,$B$6,$B$7)) -> 60.784815 | E1037: =MAX(0,D1037-_xlfn.FORECAST.ETS.CONFINT(B1037,$C$15:$C$1014,$B$15:$B$1014,$B$5,$B$4,$B$6,$B$7)) -> 0 | F1037: =D1037+_xlfn.FORECAST.ETS.CONFINT(B1037,$C$15:$C$1014,$B$15:$B$1014,$B$5,$B$4,$B$6,$B$7) -> 290.94392
A1038: =$A$15+B1038/24 -> 40589.292 | B1038: =B1014+24 -> 1087 | D1038: =MAX(0,_xlfn.FORECAST.ETS(B1038,$C$15:$C$1014,$B$15:$B$1014,$B$4,$B$6,$B$7)) -> 98.331066 | E1038: =MAX(0,D1038-_xlfn.FORECAST.ETS.CONFINT(B1038,$C$15:$C$1014,$B$15:$B$1014,$B$5,$B$4,$B$6,$B$7)) -> 0 | F1038: =D1038+_xlfn.FORECAST.ETS.CONFINT(B1038,$C$15:$C$1014,$B$15:$B$1014,$B$5,$B$4,$B$6,$B$7) -> 333.52046
A1039: =$A$15+B1039/24 -> 40589.333 | B1039: =B1014+25 -> 1088 | D1039: =MAX(0,_xlfn.FORECAST.ETS(B1039,$C$15:$C$1014,$B$15:$B$1014,$B$4,$B$6,$B$7)) -> 167.53196 | E1039: =MAX(0,D1039-_xlfn.FORECAST.ETS.CONFINT(B1039,$C$15:$C$1014,$B$15:$B$1014,$B$5,$B$4,$B$6,$B$7)) -> 0 | F1039: =D1039+_xlfn.FORECAST.ETS.CONFINT(B1039,$C$15:$C$1014,$B$15:$B$1014,$B$5,$B$4,$B$6,$B$7) -> 408.75713
A1040: =$A$15+B1040/24 -> 40589.375 | B1040: =B1014+26 -> 1089 | D1040: =MAX(0,_xlfn.FORECAST.ETS(B1040,$C$15:$C$1014,$B$15:$B$1014,$B$4,$B$6,$B$7)) -> 130.09699 | E1040: =MAX(0,D1040-_xlfn.FORECAST.ETS.CONFINT(B1040,$C$15:$C$1014,$B$15:$B$1014,$B$5,$B$4,$B$6,$B$7)) -> 0 | F1040: =D1040+_xlfn.FORECAST.ETS.CONFINT(B1040,$C$15:$C$1014,$B$15:$B$1014,$B$5,$B$4,$B$6,$B$7) -> 376.14693
A1041: =$A$15+B1041/24 -> 40589.417 | B1041: =B1014+27 -> 1090 | D1041: =MAX(0,_xlfn.FORECAST.ETS(B1041,$C$15:$C$1014,$B$15:$B$1014,$B$4,$B$6,$B$7)) -> 91.76487 | E1041: =MAX(0,D1041-_xlfn.FORECAST.ETS.CONFINT(B1041,$C$15:$C$1014,$B$15:$B$1014,$B$5,$B$4,$B$6,$B$7)) -> 0 | F1041: =D1041+_xlfn.FORECAST.ETS.CONFINT(B1041,$C$15:$C$1014,$B$15:$B$1014,$B$5,$B$4,$B$6,$B$7) -> 342.55692
A1042: =$A$15+B1042/24 -> 40589.458 | B1042: =B1014+28 -> 1091 | D1042: =MAX(0,_xlfn.FORECAST.ETS(B1042,$C$15:$C$1014,$B$15:$B$1014,$B$4,$B$6,$B$7)) -> 93.202633 | E1042: =MAX(0,D1042-_xlfn.FORECAST.ETS.CONFINT(B1042,$C$15:$C$1014,$B$15:$B$1014,$B$5,$B$4,$B$6,$B$7)) -> 0 | F1042: =D1042+_xlfn.FORECAST.ETS.CONFINT(B1042,$C$15:$C$1014,$B$15:$B$1014,$B$5,$B$4,$B$6,$B$7) -> 348.65873
A1043: =$A$15+B1043/24 -> 40589.5 | B1043: =B1014+29 -> 1092 | D1043: =MAX(0,_xlfn.FORECAST.ETS(B1043,$C$15:$C$1014,$B$15:$B$1014,$B$4,$B$6,$B$7)) -> 110.68906 | E1043: =MAX(0,D1043-_xlfn.FORECAST.ETS.CONFINT(B1043,$C$15:$C$1014,$B$15:$B$1014,$B$5,$B$4,$B$6,$B$7)) -> 0 | F1043: =D1043+_xlfn.FORECAST.ETS.CONFINT(B1043,$C$15:$C$1014,$B$15:$B$1014,$B$5,$B$4,$B$6,$B$7) -> 370.73537
A1044: =$A$15+B1044/24 -> 40589.542 | B1044: =B1014+30 -> 1093 | D1044: =MAX(0,_xlfn.FORECAST.ETS(B1044,$C$15:$C$1014,$B$15:$B$1014,$B$4,$B$6,$B$7)) -> 113.56479 | E1044: =MAX(0,D1044-_xlfn.FORECAST.ETS.CONFINT(B1044,$C$15:$C$1014,$B$15:$B$1014,$B$5,$B$4,$B$6,$B$7)) -> 0 | F1044: =D1044+_xlfn.FORECAST.ETS.CONFINT(B1044,$C$15:$C$1014,$B$15:$B$1014,$B$5,$B$4,$B$6,$B$7) -> 378.13132
A1045: =$A$15+B1045/24 -> 40589.583 | B1045: =B1014+31 -> 1094 | D1045: =MAX(0,_xlfn.FORECAST.ETS(B1045,$C$15:$C$1014,$B$15:$B$1014,$B$4,$B$6,$B$7)) -> 108.43777 | E1045: =MAX(0,D1045-_xlfn.FORECAST.ETS.CONFINT(B1045,$C$15:$C$1014,$B$15:$B$1014,$B$5,$B$4,$B$6,$B$7)) -> 0 | F1045: =D1045+_xlfn.FORECAST.ETS.CONFINT(B1045,$C$15:$C$1014,$B$15:$B$1014,$B$5,$B$4,$B$6,$B$7) -> 377.45808
A1046: =$A$15+B1046/24 -> 40589.625 | B1046: =B1014+32 -> 1095 | D1046: =MAX(0,_xlfn.FORECAST.ETS(B1046,$C$15:$C$1014,$B$15:$B$1014,$B$4,$B$6,$B$7)) -> 119.83373 | E1046: =MAX(0,D1046-_xlfn.FORECAST.ETS.CONFINT(B1046,$C$15:$C$1014,$B$15:$B$1014,$B$5,$B$4,$B$6,$B$7)) -> 0 | F1046: =D1046+_xlfn.FORECAST.ETS.CONFINT(B1046,$C$15:$C$1014,$B$15:$B$1014,$B$5,$B$4,$B$6,$B$7) -> 393.24463
A1047: =$A$15+B1047/24 -> 40589.667 | B1047: =B1014+33 -> 1096 | D1047: =MAX(0,_xlfn.FORECAST.ETS(B1047,$C$15:$C$1014,$B$15:$B$1014,$B$4,$B$6,$B$7)) -> 133.82896 | E1047: =MAX(0,D1047-_xlfn.FORECAST.ETS.CONFINT(B1047,$C$15:$C$1014,$B$15:$B$1014,$B$5,$B$4,$B$6,$B$7)) -> 0 | F1047: =D1047+_xlfn.FORECAST.ETS.CONFINT(B1047,$C$15:$C$1014,$B$15:$B$1014,$B$5,$B$4,$B$6,$B$7) -> 411.57024
A1048: =$A$15+B1048/24 -> 40589.708 | B1048: =B1014+34 -> 1097 | D1048: =MAX(0,_xlfn.FORECAST.ETS(B1048,$C$15:$C$1014,$B$15:$B$1014,$B$4,$B$6,$B$7)) -> 188.66506 | E1048: =MAX(0,D1048-_xlfn.FORECAST.ETS.CONFINT(B1048,$C$15:$C$1014,$B$15:$B$1014,$B$5,$B$4,$B$6,$B$7)) -> 0 | F1048: =D1048+_xlfn.FORECAST.ETS.CONFINT(B1048,$C$15:$C$1014,$B$15:$B$1014,$B$5,$B$4,$B$6,$B$7) -> 470.67934
A1049: =$A$15+B1049/24 -> 40589.75 | B1049: =B1014+35 -> 1098 | D1049: =MAX(0,_xlfn.FORECAST.ETS(B1049,$C$15:$C$1014,$B$15:$B$1014,$B$4,$B$6,$B$7)) -> 165.11733 | E1049: =MAX(0,D1049-_xlfn.FORECAST.ETS.CONFINT(B1049,$C$15:$C$1014,$B$15:$B$1014,$B$5,$B$4,$B$6,$B$7)) -> 0 | F1049: =D1049+_xlfn.FORECAST.ETS.CONFINT(B1049,$C$15:$C$1014,$B$15:$B$1014,$B$5,$B$4,$B$6,$B$7) -> 451.34978
A1050: =$A$15+B1050/24 -> 40589.792 | B1050: =B1014+36 -> 1099 | D1050: =MAX(0,_xlfn.FORECAST.ETS(B1050,$C$15:$C$1014,$B$15:$B$1014,$B$4,$B$6,$B$7)) -> 121.06728 | E1050: =MAX(0,D1050-_xlfn.FORECAST.ETS.CONFINT(B1050,$C$15:$C$1014,$B$15:$B$1014,$B$5,$B$4,$B$6,$B$7)) -> 0 | F1050: =D1050+_xlfn.FORECAST.ETS.CONFINT(B1050,$C$15:$C$1014,$B$15:$B$1014,$B$5,$B$4,$B$6,$B$7) -> 411.46549
A1051: =$A$15+B1051/24 -> 40589.833 | B1051: =B1014+37 -> 1100 | D1051: =MAX(0,_xlfn.FORECAST.ETS(B1051,$C$15:$C$1014,$B$15:$B$1014,$B$4,$B$6,$B$7)) -> 101.5349 | E1051: =MAX(0,D1051-_xlfn.FORECAST.ETS.CONFINT(B1051,$C$15:$C$1014,$B$15:$B$1014,$B$5,$B$4,$B$6,$B$7)) -> 0 | F1051: =D1051+_xlfn.FORECAST.ETS.CONFINT(B1051,$C$15:$C$1014,$B$15:$B$1014,$B$5,$B$4,$B$6,$B$7) -> 396.04866
A1052: =$A$15+B1052/24 -> 40589.875 | B1052: =B1014+38 -> 1101 | D1052: =MAX(0,_xlfn.FORECAST.ETS(B1052,$C$15:$C$1014,$B$15:$B$1014,$B$4,$B$6,$B$7)) -> 85.808205 | E1052: =MAX(0,D1052-_xlfn.FORECAST.ETS.CONFINT(B1052,$C$15:$C$1014,$B$15:$B$1014,$B$5,$B$4,$B$6,$B$7)) -> 0 | F1052: =D1052+_xlfn.FORECAST.ETS.CONFINT(B1052,$C$15:$C$1014,$B$15:$B$1014,$B$5,$B$4,$B$6,$B$7) -> 384.38941
A1053: =$A$15+B1053/24 -> 40589.917 | B1053: =B1014+39 -> 1102 | D1053: =MAX(0,_xlfn.FORECAST.ETS(B1053,$C$15:$C$1014,$B$15:$B$1014,$B$4,$B$6,$B$7)) -> 62.210211 | E1053: =MAX(0,D1053-_xlfn.FORECAST.ETS.CONFINT(B1053,$C$15:$C$1014,$B$15:$B$1014,$B$5,$B$4,$B$6,$B$7)) -> 0 | F1053: =D1053+_xlfn.FORECAST.ETS.CONFINT(B1053,$C$15:$C$1014,$B$15:$B$1014,$B$5,$B$4,$B$6,$B$7) -> 364.81272
A1054: =$A$15+B1054/24 -> 40589.958 | B1054: =B1014+40 -> 1103 | D1054: =MAX(0,_xlfn.FORECAST.ETS(B1054,$C$15:$C$1014,$B$15:$B$1014,$B$4,$B$6,$B$7)) -> 50.181677 | E1054: =MAX(0,D1054-_xlfn.FORECAST.ETS.CONFINT(B1054,$C$15:$C$1014,$B$15:$B$1014,$B$5,$B$4,$B$6,$B$7)) -> 0 | F1054: =D1054+_xlfn.FORECAST.ETS.CONFINT(B1054,$C$15:$C$1014,$B$15:$B$1014,$B$5,$B$4,$B$6,$B$7) -> 356.76114
A1055: =$A$15+B1055/24 -> 40590 | B1055: =B1014+41 -> 1104 | D1055: =MAX(0,_xlfn.FORECAST.ETS(B1055,$C$15:$C$1014,$B$15:$B$1014,$B$4,$B$6,$B$7)) -> 38.812704 | E1055: =MAX(0,D1055-_xlfn.FORECAST.ETS.CONFINT(B1055,$C$15:$C$1014,$B$15:$B$1014,$B$5,$B$4,$B$6,$B$7)) -> 0 | F1055: =D1055+_xlfn.FORECAST.ETS.CONFINT(B1055,$C$15:$C$1014,$B$15:$B$1014,$B$5,$B$4,$B$6,$B$7) -> 349.32652
A1056: =$A$15+B1056/24 -> 40590.042 | B1056: =B1014+42 -> 1105 | D1056: =MAX(0,_xlfn.FORECAST.ETS(B1056,$C$15:$C$1014,$B$15:$B$1014,$B$4,$B$6,$B$7)) -> 35.539848 | E1056: =MAX(0,D1056-_xlfn.FORECAST.ETS.CONFINT(B1056,$C$15:$C$1014,$B$15:$B$1014,$B$5,$B$4,$B$6,$B$7)) -> 0 | F1056: =D1056+_xlfn.FORECAST.ETS.CONFINT(B1056,$C$15:$C$1014,$B$15:$B$1014,$B$5,$B$4,$B$6,$B$7) -> 349.94699
A1057: =$A$15+B1057/24 -> 40590.083 | B1057: =B1014+43 -> 1106 | D1057: =MAX(0,_xlfn.FORECAST.ETS(B1057,$C$15:$C$1014,$B$15:$B$1014,$B$4,$B$6,$B$7)) -> 35.658654 | E1057: =MAX(0,D1057-_xlfn.FORECAST.ETS.CONFINT(B1057,$C$15:$C$1014,$B$15:$B$1014,$B$5,$B$4,$B$6,$B$7)) -> 0 | F1057: =D1057+_xlfn.FORECAST.ETS.CONFINT(B1057,$C$15:$C$1014,$B$15:$B$1014,$B$5,$B$4,$B$6,$B$7) -> 353.91964
A1058: =$A$15+B1058/24 -> 40590.125 | B1058: =B1014+44 -> 1107 | D1058: =MAX(0,_xlfn.FORECAST.ETS(B1058,$C$15:$C$1014,$B$15:$B$1014,$B$4,$B$6,$B$7)) -> 37.796697 | E1058: =MAX(0,D1058-_xlfn.FORECAST.ETS.CONFINT(B1058,$C$15:$C$1014,$B$15:$B$1014,$B$5,$B$4,$B$6,$B$7)) -> 0 | F1058: =D1058+_xlfn.FORECAST.ETS.CONFINT(B1058,$C$15:$C$1014,$B$15:$B$1014,$B$5,$B$4,$B$6,$B$7) -> 359.87344
A1059: =$A$15+B1059/24 -> 40590.167 | B1059: =B1014+45 -> 1108 | D1059: =MAX(0,_xlfn.FORECAST.ETS(B1059,$C$15:$C$1014,$B$15:$B$1014,$B$4,$B$6,$B$7)) -> 39.505271 | E1059: =MAX(0,D1059-_xlfn.FORECAST.ETS.CONFINT(B1059,$C$15:$C$1014,$B$15:$B$1014,$B$5,$B$4,$B$6,$B$7)) -> 0 | F1059: =D1059+_xlfn.FORECAST.ETS.CONFINT(B1059,$C$15:$C$1014,$B$15:$B$1014,$B$5,$B$4,$B$6,$B$7) -> 365.36106
A1060: =$A$15+B1060/24 -> 40590.208 | B1060: =B1014+46 -> 1109 | D1060: =MAX(0,_xlfn.FORECAST.ETS(B1060,$C$15:$C$1014,$B$15:$B$1014,$B$4,$B$6,$B$7)) -> 43.873 | E1060: =MAX(0,D1060-_xlfn.FORECAST.ETS.CONFINT(B1060,$C$15:$C$1014,$B$15:$B$1014,$B$5,$B$4,$B$6,$B$7)) -> 0 | F1060: =D1060+_xlfn.FORECAST.ETS.CONFINT(B1060,$C$15:$C$1014,$B$15:$B$1014,$B$5,$B$4,$B$6,$B$7) -> 373.47238
A1061: =$A$15+B1061/24 -> 40590.25 | B1061: =B1014+47 -> 1110 | D1061: =MAX(0,_xlfn.FORECAST.ETS(B1061,$C$15:$C$1014,$B$15:$B$1014,$B$4,$B$6,$B$7)) -> 61.115882 | E1061: =MAX(0,D1061-_xlfn.FORECAST.ETS.CONFINT(B1061,$C$15:$C$1014,$B$15:$B$1014,$B$5,$B$4,$B$6,$B$7)) -> 0 | F1061: =D1061+_xlfn.FORECAST.ETS.CONFINT(B1061,$C$15:$C$1014,$B$15:$B$1014,$B$5,$B$4,$B$6,$B$7) -> 394.4246
A1062: =$A$15+B1062/24 -> 40590.292 | B1062: =B1014+48 -> 1111 | D1062: =MAX(0,_xlfn.FORECAST.ETS(B1062,$C$15:$C$1014,$B$15:$B$1014,$B$4,$B$6,$B$7)) -> 98.662132 | E1062: =MAX(0,D1062-_xlfn.FORECAST.ETS.CONFINT(B1062,$C$15:$C$1014,$B$15:$B$1014,$B$5,$B$4,$B$6,$B$7)) -> 0 | F1062: =D1062+_xlfn.FORECAST.ETS.CONFINT(B1062,$C$15:$C$1014,$B$15:$B$1014,$B$5,$B$4,$B$6,$B$7) -> 435.64707

Sheet Pivot
A9: Row Labels | B9: Sum of cnt | C9: Sum of registered | D9: Sum of casual | E9: Sum of Casual Share
A10: Sun | B10: 8121 | C10: 6644 | D10: 1477 | E10: 0.18187415
A11: Mon | B11: 8450 | C11: 7916 | D11: 534 | E11: 0.063195266
A12: Tue | B12: 8383 | C12: 7926 | D12: 457 | E12: 0.05451509
A13: Wed | B13: 8049 | C13: 7705 | D13: 344 | E13: 0.042738228
A14: Thu | B14: 8458 | C14: 8126 | D14: 332 | E14: 0.039252778
A15: Fri | B15: 9095 | C15: 8543 | D15: 552 | E15: 0.060692688
A16: Sat | B16: 7748 | C16: 6523 | D16: 1225 | E16: 0.15810532
A17: Grand Total | B17: 58304 | C17: 53383 | D17: 4921 | E17: 0.084402442

Sheet Final_Dataset
A1: instant | B1: dteday | C1: season | D1: yr | E1: mnth | F1: hr | G1: holiday | H1: weekday | I1: weathersit | J1: temp | K1: atemp | L1: hum | M1: windspeed | N1: casual | O1: registered | P1: cnt | Q1: Record_ID | R1: DateTime | S1: Month | T1: Day_Name | U1: Day_Type | V1: Working_Day | W1: Season_Name | X1: Weather | Y1: Time_Band | Z1: Temp_Band | AA1: Humidity_Band | AB1: Peak_Hour | AC1: Casual_Share | AD1: Demand_Level | AE1: Visible
A2: =Dataset_A!A2 -> 1 | B2: =Dataset_A!B2 -> 40544 | C2: =Dataset_A!C2 -> 1 | D2: =Dataset_A!D2 -> 0 | E2: =Dataset_A!E2 -> 1 | F2: =Dataset_A!F2 -> 0 | G2: =Dataset_A!G2 -> FALSE | H2: =Dataset_A!H2 -> 6 | ... P2: =Dataset_A!P2 -> 16 | Q2: ="REC-"&TEXT(A2,"0000") -> REC-0001 | R2: =B2+F2/24 -> 40544 | S2: =TEXT(B2,"mmm") -> Jan | T2: =INDEX(Lookups!$B$39:$B$45,MATCH(H2,Lookups!$A$39:$A$45,0)) -> Sat | U2: =IF(OR(H2=0,H2=6),"Weekend","Weekday") -> Weekend | V2: =IF(OR(U2="Weekend",G2=TRUE),"Non-Working Day","Working Day") -> Non-Working Day | W2: =VLOOKUP(C2,tbl_season,2,FALSE) -> Spring | X2: =VLOOKUP(I2,tbl_weather,2,FALSE) -> Clear | Y2: =INDEX(band_name,MATCH(F2,band_start,1)) -> Night | Z2: =INDEX(temp_band,MATCH(J2,temp_from,1)) -> Mild | AA2: =INDEX(hum_band,MATCH(L2,hum_from,1)) -> High | AB2: =IF(AND(U2="Weekday",OR(AND(F2>=7,F2<=9),AND(F2>=16,F2<=19))),"Peak","Off-Peak") -> Off-Peak | AC2: =IF(P2=0,0,N2/P2) -> 0.1875 | AD2: =IF(P2>=Stats!$C$30,"High",IF(P2<=Stats!$C$29,"Low","Normal")) -> Low | AE2: =SUBTOTAL(103,A2) -> 1
A3: =Dataset_A!A3 -> 2 | B3: =Dataset_A!B3 -> 40544 | C3: =Dataset_A!C3 -> 1 | D3: =Dataset_A!D3 -> 0 | E3: =Dataset_A!E3 -> 1 | F3: =Dataset_A!F3 -> 1 | G3: =Dataset_A!G3 -> FALSE | H3: =Dataset_A!H3 -> 6 | ... P3: =Dataset_A!P3 -> 40 | Q3: ="REC-"&TEXT(A3,"0000") -> REC-0002 | R3: =B3+F3/24 -> 40544.042 | S3: =TEXT(B3,"mmm") -> Jan | T3: =INDEX(Lookups!$B$39:$B$45,MATCH(H3,Lookups!$A$39:$A$45,0)) -> Sat | U3: =IF(OR(H3=0,H3=6),"Weekend","Weekday") -> Weekend | V3: =IF(OR(U3="Weekend",G3=TRUE),"Non-Working Day","Working Day") -> Non-Working Day | W3: =VLOOKUP(C3,tbl_season,2,FALSE) -> Spring | X3: =VLOOKUP(I3,tbl_weather,2,FALSE) -> Clear | Y3: =INDEX(band_name,MATCH(F3,band_start,1)) -> Night | Z3: =INDEX(temp_band,MATCH(J3,temp_from,1)) -> Mild | AA3: =INDEX(hum_band,MATCH(L3,hum_from,1)) -> High | AB3: =IF(AND(U3="Weekday",OR(AND(F3>=7,F3<=9),AND(F3>=16,F3<=19))),"Peak","Off-Peak") -> Off-Peak | AC3: =IF(P3=0,0,N3/P3) -> 0.2 | AD3: =IF(P3>=Stats!$C$30,"High",IF(P3<=Stats!$C$29,"Low","Normal")) -> Normal | AE3: =SUBTOTAL(103,A3) -> 1
A4: =Dataset_A!A4 -> 3 | B4: =Dataset_A!B4 -> 40544 | C4: =Dataset_A!C4 -> 1 | D4: =Dataset_A!D4 -> 0 | E4: =Dataset_A!E4 -> 1 | F4: =Dataset_A!F4 -> 2 | G4: =Dataset_A!G4 -> FALSE | H4: =Dataset_A!H4 -> 6 | ... P4: =Dataset_A!P4 -> 32 | Q4: ="REC-"&TEXT(A4,"0000") -> REC-0003 | R4: =B4+F4/24 -> 40544.083 | S4: =TEXT(B4,"mmm") -> Jan | T4: =INDEX(Lookups!$B$39:$B$45,MATCH(H4,Lookups!$A$39:$A$45,0)) -> Sat | U4: =IF(OR(H4=0,H4=6),"Weekend","Weekday") -> Weekend | V4: =IF(OR(U4="Weekend",G4=TRUE),"Non-Working Day","Working Day") -> Non-Working Day | W4: =VLOOKUP(C4,tbl_season,2,FALSE) -> Spring | X4: =VLOOKUP(I4,tbl_weather,2,FALSE) -> Clear | Y4: =INDEX(band_name,MATCH(F4,band_start,1)) -> Night | Z4: =INDEX(temp_band,MATCH(J4,temp_from,1)) -> Mild | AA4: =INDEX(hum_band,MATCH(L4,hum_from,1)) -> High | AB4: =IF(AND(U4="Weekday",OR(AND(F4>=7,F4<=9),AND(F4>=16,F4<=19))),"Peak","Off-Peak") -> Off-Peak | AC4: =IF(P4=0,0,N4/P4) -> 0.15625 | AD4: =IF(P4>=Stats!$C$30,"High",IF(P4<=Stats!$C$29,"Low","Normal")) -> Normal | AE4: =SUBTOTAL(103,A4) -> 1
A5: =Dataset_A!A5 -> 4 | B5: =Dataset_A!B5 -> 40544 | C5: =Dataset_A!C5 -> 1 | D5: =Dataset_A!D5 -> 0 | E5: =Dataset_A!E5 -> 1 | F5: =Dataset_A!F5 -> 3 | G5: =Dataset_A!G5 -> FALSE | H5: =Dataset_A!H5 -> 6 | ... P5: =Dataset_A!P5 -> 13 | Q5: ="REC-"&TEXT(A5,"0000") -> REC-0004 | R5: =B5+F5/24 -> 40544.125 | S5: =TEXT(B5,"mmm") -> Jan | T5: =INDEX(Lookups!$B$39:$B$45,MATCH(H5,Lookups!$A$39:$A$45,0)) -> Sat | U5: =IF(OR(H5=0,H5=6),"Weekend","Weekday") -> Weekend | V5: =IF(OR(U5="Weekend",G5=TRUE),"Non-Working Day","Working Day") -> Non-Working Day | W5: =VLOOKUP(C5,tbl_season,2,FALSE) -> Spring | X5: =VLOOKUP(I5,tbl_weather,2,FALSE) -> Clear | Y5: =INDEX(band_name,MATCH(F5,band_start,1)) -> Night | Z5: =INDEX(temp_band,MATCH(J5,temp_from,1)) -> Mild | AA5: =INDEX(hum_band,MATCH(L5,hum_from,1)) -> High | AB5: =IF(AND(U5="Weekday",OR(AND(F5>=7,F5<=9),AND(F5>=16,F5<=19))),"Peak","Off-Peak") -> Off-Peak | AC5: =IF(P5=0,0,N5/P5) -> 0.23076923 | AD5: =IF(P5>=Stats!$C$30,"High",IF(P5<=Stats!$C$29,"Low","Normal")) -> Low | AE5: =SUBTOTAL(103,A5) -> 1
A6: =Dataset_A!A6 -> 5 | B6: =Dataset_A!B6 -> 40544 | C6: =Dataset_A!C6 -> 1 | D6: =Dataset_A!D6 -> 0 | E6: =Dataset_A!E6 -> 1 | F6: =Dataset_A!F6 -> 4 | G6: =Dataset_A!G6 -> FALSE | H6: =Dataset_A!H6 -> 6 | ... P6: =Dataset_A!P6 -> 1 | Q6: ="REC-"&TEXT(A6,"0000") -> REC-0005 | R6: =B6+F6/24 -> 40544.167 | S6: =TEXT(B6,"mmm") -> Jan | T6: =INDEX(Lookups!$B$39:$B$45,MATCH(H6,Lookups!$A$39:$A$45,0)) -> Sat | U6: =IF(OR(H6=0,H6=6),"Weekend","Weekday") -> Weekend | V6: =IF(OR(U6="Weekend",G6=TRUE),"Non-Working Day","Working Day") -> Non-Working Day | W6: =VLOOKUP(C6,tbl_season,2,FALSE) -> Spring | X6: =VLOOKUP(I6,tbl_weather,2,FALSE) -> Clear | Y6: =INDEX(band_name,MATCH(F6,band_start,1)) -> Night | Z6: =INDEX(temp_band,MATCH(J6,temp_from,1)) -> Mild | AA6: =INDEX(hum_band,MATCH(L6,hum_from,1)) -> High | AB6: =IF(AND(U6="Weekday",OR(AND(F6>=7,F6<=9),AND(F6>=16,F6<=19))),"Peak","Off-Peak") -> Off-Peak | AC6: =IF(P6=0,0,N6/P6) -> 0 | AD6: =IF(P6>=Stats!$C$30,"High",IF(P6<=Stats!$C$29,"Low","Normal")) -> Low | AE6: =SUBTOTAL(103,A6) -> 1
A7: =Dataset_A!A7 -> 6 | B7: =Dataset_A!B7 -> 40544 | C7: =Dataset_A!C7 -> 1 | D7: =Dataset_A!D7 -> 0 | E7: =Dataset_A!E7 -> 1 | F7: =Dataset_A!F7 -> 5 | G7: =Dataset_A!G7 -> FALSE | H7: =Dataset_A!H7 -> 6 | ... P7: =Dataset_A!P7 -> 1 | Q7: ="REC-"&TEXT(A7,"0000") -> REC-0006 | R7: =B7+F7/24 -> 40544.208 | S7: =TEXT(B7,"mmm") -> Jan | T7: =INDEX(Lookups!$B$39:$B$45,MATCH(H7,Lookups!$A$39:$A$45,0)) -> Sat | U7: =IF(OR(H7=0,H7=6),"Weekend","Weekday") -> Weekend | V7: =IF(OR(U7="Weekend",G7=TRUE),"Non-Working Day","Working Day") -> Non-Working Day | W7: =VLOOKUP(C7,tbl_season,2,FALSE) -> Spring | X7: =VLOOKUP(I7,tbl_weather,2,FALSE) -> Cloudy/Mist | Y7: =INDEX(band_name,MATCH(F7,band_start,1)) -> Night | Z7: =INDEX(temp_band,MATCH(J7,temp_from,1)) -> Mild | AA7: =INDEX(hum_band,MATCH(L7,hum_from,1)) -> High | AB7: =IF(AND(U7="Weekday",OR(AND(F7>=7,F7<=9),AND(F7>=16,F7<=19))),"Peak","Off-Peak") -> Off-Peak | AC7: =IF(P7=0,0,N7/P7) -> 0 | AD7: =IF(P7>=Stats!$C$30,"High",IF(P7<=Stats!$C$29,"Low","Normal")) -> Low | AE7: =SUBTOTAL(103,A7) -> 1
A8: =Dataset_A!A8 -> 7 | B8: =Dataset_A!B8 -> 40544 | C8: =Dataset_A!C8 -> 1 | D8: =Dataset_A!D8 -> 0 | E8: =Dataset_A!E8 -> 1 | F8: =Dataset_A!F8 -> 6 | G8: =Dataset_A!G8 -> FALSE | H8: =Dataset_A!H8 -> 6 | ... P8: =Dataset_A!P8 -> 2 | Q8: ="REC-"&TEXT(A8,"0000") -> REC-0007 | R8: =B8+F8/24 -> 40544.25 | S8: =TEXT(B8,"mmm") -> Jan | T8: =INDEX(Lookups!$B$39:$B$45,MATCH(H8,Lookups!$A$39:$A$45,0)) -> Sat | U8: =IF(OR(H8=0,H8=6),"Weekend","Weekday") -> Weekend | V8: =IF(OR(U8="Weekend",G8=TRUE),"Non-Working Day","Working Day") -> Non-Working Day | W8: =VLOOKUP(C8,tbl_season,2,FALSE) -> Spring | X8: =VLOOKUP(I8,tbl_weather,2,FALSE) -> Clear | Y8: =INDEX(band_name,MATCH(F8,band_start,1)) -> Morning | Z8: =INDEX(temp_band,MATCH(J8,temp_from,1)) -> Mild | AA8: =INDEX(hum_band,MATCH(L8,hum_from,1)) -> High | AB8: =IF(AND(U8="Weekday",OR(AND(F8>=7,F8<=9),AND(F8>=16,F8<=19))),"Peak","Off-Peak") -> Off-Peak | AC8: =IF(P8=0,0,N8/P8) -> 1 | AD8: =IF(P8>=Stats!$C$30,"High",IF(P8<=Stats!$C$29,"Low","Normal")) -> Low | AE8: =SUBTOTAL(103,A8) -> 1
A9: =Dataset_A!A9 -> 8 | B9: =Dataset_A!B9 -> 40544 | C9: =Dataset_A!C9 -> 1 | D9: =Dataset_A!D9 -> 0 | E9: =Dataset_A!E9 -> 1 | F9: =Dataset_A!F9 -> 7 | G9: =Dataset_A!G9 -> FALSE | H9: =Dataset_A!H9 -> 6 | ... P9: =Dataset_A!P9 -> 3 | Q9: ="REC-"&TEXT(A9,"0000") -> REC-0008 | R9: =B9+F9/24 -> 40544.292 | S9: =TEXT(B9,"mmm") -> Jan | T9: =INDEX(Lookups!$B$39:$B$45,MATCH(H9,Lookups!$A$39:$A$45,0)) -> Sat | U9: =IF(OR(H9=0,H9=6),"Weekend","Weekday") -> Weekend | V9: =IF(OR(U9="Weekend",G9=TRUE),"Non-Working Day","Working Day") -> Non-Working Day | W9: =VLOOKUP(C9,tbl_season,2,FALSE) -> Spring | X9: =VLOOKUP(I9,tbl_weather,2,FALSE) -> Clear | Y9: =INDEX(band_name,MATCH(F9,band_start,1)) -> Morning | Z9: =INDEX(temp_band,MATCH(J9,temp_from,1)) -> Mild | AA9: =INDEX(hum_band,MATCH(L9,hum_from,1)) -> High | AB9: =IF(AND(U9="Weekday",OR(AND(F9>=7,F9<=9),AND(F9>=16,F9<=19))),"Peak","Off-Peak") -> Off-Peak | AC9: =IF(P9=0,0,N9/P9) -> 0.33333333 | AD9: =IF(P9>=Stats!$C$30,"High",IF(P9<=Stats!$C$29,"Low","Normal")) -> Low | AE9: =SUBTOTAL(103,A9) -> 1
A10: =Dataset_A!A10 -> 9 | B10: =Dataset_A!B10 -> 40544 | C10: =Dataset_A!C10 -> 1 | D10: =Dataset_A!D10 -> 0 | E10: =Dataset_A!E10 -> 1 | F10: =Dataset_A!F10 -> 8 | G10: =Dataset_A!G10 -> FALSE | H10: =Dataset_A!H10 -> 6 | ... P10: =Dataset_A!P10 -> 8 | Q10: ="REC-"&TEXT(A10,"0000") -> REC-0009 | R10: =B10+F10/24 -> 40544.333 | S10: =TEXT(B10,"mmm") -> Jan | T10: =INDEX(Lookups!$B$39:$B$45,MATCH(H10,Lookups!$A$39:$A$45,0)) -> Sat | U10: =IF(OR(H10=0,H10=6),"Weekend","Weekday") -> Weekend | V10: =IF(OR(U10="Weekend",G10=TRUE),"Non-Working Day","Working Day") -> Non-Working Day | W10: =VLOOKUP(C10,tbl_season,2,FALSE) -> Spring | X10: =VLOOKUP(I10,tbl_weather,2,FALSE) -> Clear | Y10: =INDEX(band_name,MATCH(F10,band_start,1)) -> Morning | Z10: =INDEX(temp_band,MATCH(J10,temp_from,1)) -> Mild | AA10: =INDEX(hum_band,MATCH(L10,hum_from,1)) -> High | AB10: =IF(AND(U10="Weekday",OR(AND(F10>=7,F10<=9),AND(F10>=16,F10<=19))),"Peak","Off-Peak") -> Off-Peak | AC10: =IF(P10=0,0,N10/P10) -> 0.125 | AD10: =IF(P10>=Stats!$C$30,"High",IF(P10<=Stats!$C$29,"Low","Normal")) -> Low | AE10: =SUBTOTAL(103,A10) -> 1
A11: =Dataset_A!A11 -> 10 | B11: =Dataset_A!B11 -> 40544 | C11: =Dataset_A!C11 -> 1 | D11: =Dataset_A!D11 -> 0 | E11: =Dataset_A!E11 -> 1 | F11: =Dataset_A!F11 -> 9 | G11: =Dataset_A!G11 -> FALSE | H11: =Dataset_A!H11 -> 6 | ... P11: =Dataset_A!P11 -> 14 | Q11: ="REC-"&TEXT(A11,"0000") -> REC-0010 | R11: =B11+F11/24 -> 40544.375 | S11: =TEXT(B11,"mmm") -> Jan | T11: =INDEX(Lookups!$B$39:$B$45,MATCH(H11,Lookups!$A$39:$A$45,0)) -> Sat | U11: =IF(OR(H11=0,H11=6),"Weekend","Weekday") -> Weekend | V11: =IF(OR(U11="Weekend",G11=TRUE),"Non-Working Day","Working Day") -> Non-Working Day | W11: =VLOOKUP(C11,tbl_season,2,FALSE) -> Spring | X11: =VLOOKUP(I11,tbl_weather,2,FALSE) -> Clear | Y11: =INDEX(band_name,MATCH(F11,band_start,1)) -> Morning | Z11: =INDEX(temp_band,MATCH(J11,temp_from,1)) -> Warm | AA11: =INDEX(hum_band,MATCH(L11,hum_from,1)) -> High | AB11: =IF(AND(U11="Weekday",OR(AND(F11>=7,F11<=9),AND(F11>=16,F11<=19))),"Peak","Off-Peak") -> Off-Peak | AC11: =IF(P11=0,0,N11/P11) -> 0.57142857 | AD11: =IF(P11>=Stats!$C$30,"High",IF(P11<=Stats!$C$29,"Low","Normal")) -> Low | AE11: =SUBTOTAL(103,A11) -> 1
A12: =Dataset_A!A12 -> 11 | B12: =Dataset_A!B12 -> 40544 | C12: =Dataset_A!C12 -> 1 | D12: =Dataset_A!D12 -> 0 | E12: =Dataset_A!E12 -> 1 | F12: =Dataset_A!F12 -> 10 | G12: =Dataset_A!G12 -> FALSE | H12: =Dataset_A!H12 -> 6 | ... P12: =Dataset_A!P12 -> 36 | Q12: ="REC-"&TEXT(A12,"0000") -> REC-0011 | R12: =B12+F12/24 -> 40544.417 | S12: =TEXT(B12,"mmm") -> Jan | T12: =INDEX(Lookups!$B$39:$B$45,MATCH(H12,Lookups!$A$39:$A$45,0)) -> Sat | U12: =IF(OR(H12=0,H12=6),"Weekend","Weekday") -> Weekend | V12: =IF(OR(U12="Weekend",G12=TRUE),"Non-Working Day","Working Day") -> Non-Working Day | W12: =VLOOKUP(C12,tbl_season,2,FALSE) -> Spring | X12: =VLOOKUP(I12,tbl_weather,2,FALSE) -> Clear | Y12: =INDEX(band_name,MATCH(F12,band_start,1)) -> Morning | Z12: =INDEX(temp_band,MATCH(J12,temp_from,1)) -> Warm | AA12: =INDEX(hum_band,MATCH(L12,hum_from,1)) -> High | AB12: =IF(AND(U12="Weekday",OR(AND(F12>=7,F12<=9),AND(F12>=16,F12<=19))),"Peak","Off-Peak") -> Off-Peak | AC12: =IF(P12=0,0,N12/P12) -> 0.33333333 | AD12: =IF(P12>=Stats!$C$30,"High",IF(P12<=Stats!$C$29,"Low","Normal")) -> Normal | AE12: =SUBTOTAL(103,A12) -> 1
A13: =Dataset_A!A13 -> 12 | B13: =Dataset_A!B13 -> 40544 | C13: =Dataset_A!C13 -> 1 | D13: =Dataset_A!D13 -> 0 | E13: =Dataset_A!E13 -> 1 | F13: =Dataset_A!F13 -> 11 | G13: =Dataset_A!G13 -> FALSE | H13: =Dataset_A!H13 -> 6 | ... P13: =Dataset_A!P13 -> 56 | Q13: ="REC-"&TEXT(A13,"0000") -> REC-0012 | R13: =B13+F13/24 -> 40544.458 | S13: =TEXT(B13,"mmm") -> Jan | T13: =INDEX(Lookups!$B$39:$B$45,MATCH(H13,Lookups!$A$39:$A$45,0)) -> Sat | U13: =IF(OR(H13=0,H13=6),"Weekend","Weekday") -> Weekend | V13: =IF(OR(U13="Weekend",G13=TRUE),"Non-Working Day","Working Day") -> Non-Working Day | W13: =VLOOKUP(C13,tbl_season,2,FALSE) -> Spring | X13: =VLOOKUP(I13,tbl_weather,2,FALSE) -> Clear | Y13: =INDEX(band_name,MATCH(F13,band_start,1)) -> Morning | Z13: =INDEX(temp_band,MATCH(J13,temp_from,1)) -> Warm | AA13: =INDEX(hum_band,MATCH(L13,hum_from,1)) -> High | AB13: =IF(AND(U13="Weekday",OR(AND(F13>=7,F13<=9),AND(F13>=16,F13<=19))),"Peak","Off-Peak") -> Off-Peak | AC13: =IF(P13=0,0,N13/P13) -> 0.46428571 | AD13: =IF(P13>=Stats!$C$30,"High",IF(P13<=Stats!$C$29,"Low","Normal")) -> Normal | AE13: =SUBTOTAL(103,A13) -> 1
... A611: =Dataset_A!A611 -> 610 | B611: =Dataset_A!B611 -> 40571 | C611: =Dataset_A!C611 -> 1 | D611: =Dataset_A!D611 -> 0 | E611: =Dataset_A!E611 -> 1 | F611: =Dataset_A!F611 -> 15 | G611: =Dataset_A!G611 -> FALSE | H611: =Dataset_A!H611 -> 5 | ... P611: =Dataset_A!P611 -> 41 | Q611: ="REC-"&TEXT(A611,"0000") -> REC-0610 | R611: =B611+F611/24 -> 40571.625 | S611: =TEXT(B611,"mmm") -> Jan | T611: =INDEX(Lookups!$B$39:$B$45,MATCH(H611,Lookups!$A$39:$A$45,0)) -> Fri | U611: =IF(OR(H611=0,H611=6),"Weekend","Weekday") -> Weekday | V611: =IF(OR(U611="Weekend",G611=TRUE),"Non-Working Day","Working Day") -> Working Day | W611: =VLOOKUP(C611,tbl_season,2,FALSE) -> Spring | X611: =VLOOKUP(I611,tbl_weather,2,FALSE) -> Cloudy/Mist | Y611: =INDEX(band_name,MATCH(F611,band_start,1)) -> Afternoon | Z611: =INDEX(temp_band,MATCH(J611,temp_from,1)) -> Mild | AA611: =INDEX(hum_band,MATCH(L611,hum_from,1)) -> High | AB611: =IF(AND(U611="Weekday",OR(AND(F611>=7,F611<=9),AND(F611>=16,F611<=19))),"Peak","Off-Peak") -> Off-Peak | AC611: =IF(P611=0,0,N611/P611) -> 0.024390244 | AD611: =IF(P611>=Stats!$C$30,"High",IF(P611<=Stats!$C$29,"Low","Normal")) -> Normal | AE611: =SUBTOTAL(103,A611) -> 1
A612: =Dataset_3!A2 -> 611 | B612: =Dataset_3!B2 -> 40571 | C612: =Dataset_3!C2 -> 1 | D612: =Dataset_3!D2 -> 0 | E612: =Dataset_3!E2 -> 1 | F612: =Dataset_3!F2 -> 16 | G612: =Dataset_3!G2 -> FALSE | H612: =Dataset_3!H2 -> 5 | ... P612: =Dataset_3!P2 -> 80 | Q612: ="REC-"&TEXT(A612,"0000") -> REC-0611 | R612: =B612+F612/24 -> 40571.667 | S612: =TEXT(B612,"mmm") -> Jan | T612: =INDEX(Lookups!$B$39:$B$45,MATCH(H612,Lookups!$A$39:$A$45,0)) -> Fri | U612: =IF(OR(H612=0,H612=6),"Weekend","Weekday") -> Weekday | V612: =IF(OR(U612="Weekend",G612=TRUE),"Non-Working Day","Working Day") -> Working Day | W612: =VLOOKUP(C612,tbl_season,2,FALSE) -> Spring | X612: =VLOOKUP(I612,tbl_weather,2,FALSE) -> Clear | Y612: =INDEX(band_name,MATCH(F612,band_start,1)) -> Afternoon | Z612: =INDEX(temp_band,MATCH(J612,temp_from,1)) -> Mild | AA612: =INDEX(hum_band,MATCH(L612,hum_from,1)) -> High | AB612: =IF(AND(U612="Weekday",OR(AND(F612>=7,F612<=9),AND(F612>=16,F612<=19))),"Peak","Off-Peak") -> Peak | AC612: =IF(P612=0,0,N612/P612) -> 0.125 | AD612: =IF(P612>=Stats!$C$30,"High",IF(P612<=Stats!$C$29,"Low","Normal")) -> Normal | AE612: =SUBTOTAL(103,A612) -> 1
A613: =Dataset_3!A3 -> 612 | B613: =Dataset_3!B3 -> 40571 | C613: =Dataset_3!C3 -> 1 | D613: =Dataset_3!D3 -> 0 | E613: =Dataset_3!E3 -> 1 | F613: =Dataset_3!F3 -> 17 | G613: =Dataset_3!G3 -> FALSE | H613: =Dataset_3!H3 -> 5 | ... P613: =Dataset_3!P3 -> 149 | Q613: ="REC-"&TEXT(A613,"0000") -> REC-0612 | R613: =B613+F613/24 -> 40571.708 | S613: =TEXT(B613,"mmm") -> Jan | T613: =INDEX(Lookups!$B$39:$B$45,MATCH(H613,Lookups!$A$39:$A$45,0)) -> Fri | U613: =IF(OR(H613=0,H613=6),"Weekend","Weekday") -> Weekday | V613: =IF(OR(U613="Weekend",G613=TRUE),"Non-Working Day","Working Day") -> Working Day | W613: =VLOOKUP(C613,tbl_season,2,FALSE) -> Spring | X613: =VLOOKUP(I613,tbl_weather,2,FALSE) -> Clear | Y613: =INDEX(band_name,MATCH(F613,band_start,1)) -> Evening | Z613: =INDEX(temp_band,MATCH(J613,temp_from,1)) -> Mild | AA613: =INDEX(hum_band,MATCH(L613,hum_from,1)) -> High | AB613: =IF(AND(U613="Weekday",OR(AND(F613>=7,F613<=9),AND(F613>=16,F613<=19))),"Peak","Off-Peak") -> Peak | AC613: =IF(P613=0,0,N613/P613) -> 0.013422819 | AD613: =IF(P613>=Stats!$C$30,"High",IF(P613<=Stats!$C$29,"Low","Normal")) -> High | AE613: =SUBTOTAL(103,A613) -> 1
A614: =Dataset_3!A4 -> 613 | B614: =Dataset_3!B4 -> 40571 | C614: =Dataset_3!C4 -> 1 | D614: =Dataset_3!D4 -> 0 | E614: =Dataset_3!E4 -> 1 | F614: =Dataset_3!F4 -> 18 | G614: =Dataset_3!G4 -> FALSE | H614: =Dataset_3!H4 -> 5 | ... P614: =Dataset_3!P4 -> 109 | Q614: ="REC-"&TEXT(A614,"0000") -> REC-0613 | R614: =B614+F614/24 -> 40571.75 | S614: =TEXT(B614,"mmm") -> Jan | T614: =INDEX(Lookups!$B$39:$B$45,MATCH(H614,Lookups!$A$39:$A$45,0)) -> Fri | U614: =IF(OR(H614=0,H614=6),"Weekend","Weekday") -> Weekday | V614: =IF(OR(U614="Weekend",G614=TRUE),"Non-Working Day","Working Day") -> Working Day | W614: =VLOOKUP(C614,tbl_season,2,FALSE) -> Spring | X614: =VLOOKUP(I614,tbl_weather,2,FALSE) -> Clear | Y614: =INDEX(band_name,MATCH(F614,band_start,1)) -> Evening | Z614: =INDEX(temp_band,MATCH(J614,temp_from,1)) -> Mild | AA614: =INDEX(hum_band,MATCH(L614,hum_from,1)) -> High | AB614: =IF(AND(U614="Weekday",OR(AND(F614>=7,F614<=9),AND(F614>=16,F614<=19))),"Peak","Off-Peak") -> Peak | AC614: =IF(P614=0,0,N614/P614) -> 0.018348624 | AD614: =IF(P614>=Stats!$C$30,"High",IF(P614<=Stats!$C$29,"Low","Normal")) -> High | AE614: =SUBTOTAL(103,A614) -> 1
A615: =Dataset_3!A5 -> 614 | B615: =Dataset_3!B5 -> 40571 | C615: =Dataset_3!C5 -> 1 | D615: =Dataset_3!D5 -> 0 | E615: =Dataset_3!E5 -> 1 | F615: =Dataset_3!F5 -> 19 | G615: =Dataset_3!G5 -> FALSE | H615: =Dataset_3!H5 -> 5 | ... P615: =Dataset_3!P5 -> 89 | Q615: ="REC-"&TEXT(A615,"0000") -> REC-0614 | R615: =B615+F615/24 -> 40571.792 | S615: =TEXT(B615,"mmm") -> Jan | T615: =INDEX(Lookups!$B$39:$B$45,MATCH(H615,Lookups!$A$39:$A$45,0)) -> Fri | U615: =IF(OR(H615=0,H615=6),"Weekend","Weekday") -> Weekday | V615: =IF(OR(U615="Weekend",G615=TRUE),"Non-Working Day","Working Day") -> Working Day | W615: =VLOOKUP(C615,tbl_season,2,FALSE) -> Spring | X615: =VLOOKUP(I615,tbl_weather,2,FALSE) -> Cloudy/Mist | Y615: =INDEX(band_name,MATCH(F615,band_start,1)) -> Evening | Z615: =INDEX(temp_band,MATCH(J615,temp_from,1)) -> Mild | AA615: =INDEX(hum_band,MATCH(L615,hum_from,1)) -> High | AB615: =IF(AND(U615="Weekday",OR(AND(F615>=7,F615<=9),AND(F615>=16,F615<=19))),"Peak","Off-Peak") -> Peak | AC615: =IF(P615=0,0,N615/P615) -> 0.056179775 | AD615: =IF(P615>=Stats!$C$30,"High",IF(P615<=Stats!$C$29,"Low","Normal")) -> High | AE615: =SUBTOTAL(103,A615) -> 1
A616: =Dataset_3!A6 -> 615 | B616: =Dataset_3!B6 -> 40571 | C616: =Dataset_3!C6 -> 1 | D616: =Dataset_3!D6 -> 0 | E616: =Dataset_3!E6 -> 1 | F616: =Dataset_3!F6 -> 20 | G616: =Dataset_3!G6 -> FALSE | H616: =Dataset_3!H6 -> 5 | ... P616: =Dataset_3!P6 -> 62 | Q616: ="REC-"&TEXT(A616,"0000") -> REC-0615 | R616: =B616+F616/24 -> 40571.833 | S616: =TEXT(B616,"mmm") -> Jan | T616: =INDEX(Lookups!$B$39:$B$45,MATCH(H616,Lookups!$A$39:$A$45,0)) -> Fri | U616: =IF(OR(H616=0,H616=6),"Weekend","Weekday") -> Weekday | V616: =IF(OR(U616="Weekend",G616=TRUE),"Non-Working Day","Working Day") -> Working Day | W616: =VLOOKUP(C616,tbl_season,2,FALSE) -> Spring | X616: =VLOOKUP(I616,tbl_weather,2,FALSE) -> Cloudy/Mist | Y616: =INDEX(band_name,MATCH(F616,band_start,1)) -> Evening | Z616: =INDEX(temp_band,MATCH(J616,temp_from,1)) -> Mild | AA616: =INDEX(hum_band,MATCH(L616,hum_from,1)) -> Medium | AB616: =IF(AND(U616="Weekday",OR(AND(F616>=7,F616<=9),AND(F616>=16,F616<=19))),"Peak","Off-Peak") -> Off-Peak | AC616: =IF(P616=0,0,N616/P616) -> 0.016129032 | AD616: =IF(P616>=Stats!$C$30,"High",IF(P616<=Stats!$C$29,"Low","Normal")) -> Normal | AE616: =SUBTOTAL(103,A616) -> 1
A617: =Dataset_3!A7 -> 616 | B617: =Dataset_3!B7 -> 40571 | C617: =Dataset_3!C7 -> 1 | D617: =Dataset_3!D7 -> 0 | E617: =Dataset_3!E7 -> 1 | F617: =Dataset_3!F7 -> 21 | G617: =Dataset_3!G7 -> FALSE | H617: =Dataset_3!H7 -> 5 | ... P617: =Dataset_3!P7 -> 58 | Q617: ="REC-"&TEXT(A617,"0000") -> REC-0616 | R617: =B617+F617/24 -> 40571.875 | S617: =TEXT(B617,"mmm") -> Jan | T617: =INDEX(Lookups!$B$39:$B$45,MATCH(H617,Lookups!$A$39:$A$45,0)) -> Fri | U617: =IF(OR(H617=0,H617=6),"Weekend","Weekday") -> Weekday | V617: =IF(OR(U617="Weekend",G617=TRUE),"Non-Working Day","Working Day") -> Working Day | W617: =VLOOKUP(C617,tbl_season,2,FALSE) -> Spring | X617: =VLOOKUP(I617,tbl_weather,2,FALSE) -> Cloudy/Mist | Y617: =INDEX(band_name,MATCH(F617,band_start,1)) -> Late Evening | Z617: =INDEX(temp_band,MATCH(J617,temp_from,1)) -> Mild | AA617: =INDEX(hum_band,MATCH(L617,hum_from,1)) -> High | AB617: =IF(AND(U617="Weekday",OR(AND(F617>=7,F617<=9),AND(F617>=16,F617<=19))),"Peak","Off-Peak") -> Off-Peak | AC617: =IF(P617=0,0,N617/P617) -> 0.017241379 | AD617: =IF(P617>=Stats!$C$30,"High",IF(P617<=Stats!$C$29,"Low","Normal")) -> Normal | AE617: =SUBTOTAL(103,A617) -> 1
A618: =Dataset_3!A8 -> 617 | B618: =Dataset_3!B8 -> 40571 | C618: =Dataset_3!C8 -> 1 | D618: =Dataset_3!D8 -> 0 | E618: =Dataset_3!E8 -> 1 | F618: =Dataset_3!F8 -> 22 | G618: =Dataset_3!G8 -> FALSE | H618: =Dataset_3!H8 -> 5 | ... P618: =Dataset_3!P8 -> 26 | Q618: ="REC-"&TEXT(A618,"0000") -> REC-0617 | R618: =B618+F618/24 -> 40571.917 | S618: =TEXT(B618,"mmm") -> Jan | T618: =INDEX(Lookups!$B$39:$B$45,MATCH(H618,Lookups!$A$39:$A$45,0)) -> Fri | U618: =IF(OR(H618=0,H618=6),"Weekend","Weekday") -> Weekday | V618: =IF(OR(U618="Weekend",G618=TRUE),"Non-Working Day","Working Day") -> Working Day | W618: =VLOOKUP(C618,tbl_season,2,FALSE) -> Spring | X618: =VLOOKUP(I618,tbl_weather,2,FALSE) -> Clear | Y618: =INDEX(band_name,MATCH(F618,band_start,1)) -> Late Evening | Z618: =INDEX(temp_band,MATCH(J618,temp_from,1)) -> Mild | AA618: =INDEX(hum_band,MATCH(L618,hum_from,1)) -> Medium | AB618: =IF(AND(U618="Weekday",OR(AND(F618>=7,F618<=9),AND(F618>=16,F618<=19))),"Peak","Off-Peak") -> Off-Peak | AC618: =IF(P618=0,0,N618/P618) -> 0 | AD618: =IF(P618>=Stats!$C$30,"High",IF(P618<=Stats!$C$29,"Low","Normal")) -> Normal | AE618: =SUBTOTAL(103,A618) -> 1
A619: =Dataset_3!A9 -> 618 | B619: =Dataset_3!B9 -> 40571 | C619: =Dataset_3!C9 -> 1 | D619: =Dataset_3!D9 -> 0 | E619: =Dataset_3!E9 -> 1 | F619: =Dataset_3!F9 -> 23 | G619: =Dataset_3!G9 -> FALSE | H619: =Dataset_3!H9 -> 5 | ... P619: =Dataset_3!P9 -> 23 | Q619: ="REC-"&TEXT(A619,"0000") -> REC-0618 | R619: =B619+F619/24 -> 40571.958 | S619: =TEXT(B619,"mmm") -> Jan | T619: =INDEX(Lookups!$B$39:$B$45,MATCH(H619,Lookups!$A$39:$A$45,0)) -> Fri | U619: =IF(OR(H619=0,H619=6),"Weekend","Weekday") -> Weekday | V619: =IF(OR(U619="Weekend",G619=TRUE),"Non-Working Day","Working Day") -> Working Day | W619: =VLOOKUP(C619,tbl_season,2,FALSE) -> Spring | X619: =VLOOKUP(I619,tbl_weather,2,FALSE) -> Clear | Y619: =INDEX(band_name,MATCH(F619,band_start,1)) -> Late Evening | Z619: =INDEX(temp_band,MATCH(J619,temp_from,1)) -> Mild | AA619: =INDEX(hum_band,MATCH(L619,hum_from,1)) -> Medium | AB619: =IF(AND(U619="Weekday",OR(AND(F619>=7,F619<=9),AND(F619>=16,F619<=19))),"Peak","Off-Peak") -> Off-Peak | AC619: =IF(P619=0,0,N619/P619) -> 0.043478261 | AD619: =IF(P619>=Stats!$C$30,"High",IF(P619<=Stats!$C$29,"Low","Normal")) -> Normal | AE619: =SUBTOTAL(103,A619) -> 1
A620: =Dataset_3!A10 -> 619 | B620: =Dataset_3!B10 -> 40572 | C620: =Dataset_3!C10 -> 1 | D620: =Dataset_3!D10 -> 0 | E620: =Dataset_3!E10 -> 1 | F620: =Dataset_3!F10 -> 0 | G620: =Dataset_3!G10 -> FALSE | H620: =Dataset_3!H10 -> 6 | ... P620: =Dataset_3!P10 -> 28 | Q620: ="REC-"&TEXT(A620,"0000") -> REC-0619 | R620: =B620+F620/24 -> 40572 | S620: =TEXT(B620,"mmm") -> Jan | T620: =INDEX(Lookups!$B$39:$B$45,MATCH(H620,Lookups!$A$39:$A$45,0)) -> Sat | U620: =IF(OR(H620=0,H620=6),"Weekend","Weekday") -> Weekend | V620: =IF(OR(U620="Weekend",G620=TRUE),"Non-Working Day","Working Day") -> Non-Working Day | W620: =VLOOKUP(C620,tbl_season,2,FALSE) -> Spring | X620: =VLOOKUP(I620,tbl_weather,2,FALSE) -> Clear | Y620: =INDEX(band_name,MATCH(F620,band_start,1)) -> Night | Z620: =INDEX(temp_band,MATCH(J620,temp_from,1)) -> Mild | AA620: =INDEX(hum_band,MATCH(L620,hum_from,1)) -> Medium | AB620: =IF(AND(U620="Weekday",OR(AND(F620>=7,F620<=9),AND(F620>=16,F620<=19))),"Peak","Off-Peak") -> Off-Peak | AC620: =IF(P620=0,0,N620/P620) -> 0.071428571 | AD620: =IF(P620>=Stats!$C$30,"High",IF(P620<=Stats!$C$29,"Low","Normal")) -> Normal | AE620: =SUBTOTAL(103,A620) -> 1
A621: =Dataset_3!A11 -> 620 | B621: =Dataset_3!B11 -> 40572 | C621: =Dataset_3!C11 -> 1 | D621: =Dataset_3!D11 -> 0 | E621: =Dataset_3!E11 -> 1 | F621: =Dataset_3!F11 -> 1 | G621: =Dataset_3!G11 -> FALSE | H621: =Dataset_3!H11 -> 6 | ... P621: =Dataset_3!P11 -> 20 | Q621: ="REC-"&TEXT(A621,"0000") -> REC-0620 | R621: =B621+F621/24 -> 40572.042 | S621: =TEXT(B621,"mmm") -> Jan | T621: =INDEX(Lookups!$B$39:$B$45,MATCH(H621,Lookups!$A$39:$A$45,0)) -> Sat | U621: =IF(OR(H621=0,H621=6),"Weekend","Weekday") -> Weekend | V621: =IF(OR(U621="Weekend",G621=TRUE),"Non-Working Day","Working Day") -> Non-Working Day | W621: =VLOOKUP(C621,tbl_season,2,FALSE) -> Spring | X621: =VLOOKUP(I621,tbl_weather,2,FALSE) -> Clear | Y621: =INDEX(band_name,MATCH(F621,band_start,1)) -> Night | Z621: =INDEX(temp_band,MATCH(J621,temp_from,1)) -> Mild | AA621: =INDEX(hum_band,MATCH(L621,hum_from,1)) -> Medium | AB621: =IF(AND(U621="Weekday",OR(AND(F621>=7,F621<=9),AND(F621>=16,F621<=19))),"Peak","Off-Peak") -> Off-Peak | AC621: =IF(P621=0,0,N621/P621) -> 0 | AD621: =IF(P621>=Stats!$C$30,"High",IF(P621<=Stats!$C$29,"Low","Normal")) -> Normal | AE621: =SUBTOTAL(103,A621) -> 1
A622: =Dataset_3!A12 -> 621 | B622: =Dataset_3!B12 -> 40572 | C622: =Dataset_3!C12 -> 1 | D622: =Dataset_3!D12 -> 0 | E622: =Dataset_3!E12 -> 1 | F622: =Dataset_3!F12 -> 2 | G622: =Dataset_3!G12 -> FALSE | H622: =Dataset_3!H12 -> 6 | ... P622: =Dataset_3!P12 -> 15 | Q622: ="REC-"&TEXT(A622,"0000") -> REC-0621 | R622: =B622+F622/24 -> 40572.083 | S622: =TEXT(B622,"mmm") -> Jan | T622: =INDEX(Lookups!$B$39:$B$45,MATCH(H622,Lookups!$A$39:$A$45,0)) -> Sat | U622: =IF(OR(H622=0,H622=6),"Weekend","Weekday") -> Weekend | V622: =IF(OR(U622="Weekend",G622=TRUE),"Non-Working Day","Working Day") -> Non-Working Day | W622: =VLOOKUP(C622,tbl_season,2,FALSE) -> Spring | X622: =VLOOKUP(I622,tbl_weather,2,FALSE) -> Clear | Y622: =INDEX(band_name,MATCH(F622,band_start,1)) -> Night | Z622: =INDEX(temp_band,MATCH(J622,temp_from,1)) -> Mild | AA622: =INDEX(hum_band,MATCH(L622,hum_from,1)) -> Medium | AB622: =IF(AND(U622="Weekday",OR(AND(F622>=7,F622<=9),AND(F622>=16,F622<=19))),"Peak","Off-Peak") -> Off-Peak | AC622: =IF(P622=0,0,N622/P622) -> 0 | AD622: =IF(P622>=Stats!$C$30,"High",IF(P622<=Stats!$C$29,"Low","Normal")) -> Low | AE622: =SUBTOTAL(103,A622) -> 1
A623: =Dataset_3!A13 -> 622 | B623: =Dataset_3!B13 -> 40572 | C623: =Dataset_3!C13 -> 1 | D623: =Dataset_3!D13 -> 0 | E623: =Dataset_3!E13 -> 1 | F623: =Dataset_3!F13 -> 3 | G623: =Dataset_3!G13 -> FALSE | H623: =Dataset_3!H13 -> 6 | ... P623: =Dataset_3!P13 -> 8 | Q623: ="REC-"&TEXT(A623,"0000") -> REC-0622 | R623: =B623+F623/24 -> 40572.125 | S623: =TEXT(B623,"mmm") -> Jan | T623: =INDEX(Lookups!$B$39:$B$45,MATCH(H623,Lookups!$A$39:$A$45,0)) -> Sat | U623: =IF(OR(H623=0,H623=6),"Weekend","Weekday") -> Weekend | V623: =IF(OR(U623="Weekend",G623=TRUE),"Non-Working Day","Working Day") -> Non-Working Day | W623: =VLOOKUP(C623,tbl_season,2,FALSE) -> Spring | X623: =VLOOKUP(I623,tbl_weather,2,FALSE) -> Clear | Y623: =INDEX(band_name,MATCH(F623,band_start,1)) -> Night | Z623: =INDEX(temp_band,MATCH(J623,temp_from,1)) -> Mild | AA623: =INDEX(hum_band,MATCH(L623,hum_from,1)) -> Medium | AB623: =IF(AND(U623="Weekday",OR(AND(F623>=7,F623<=9),AND(F623>=16,F623<=19))),"Peak","Off-Peak") -> Off-Peak | AC623: =IF(P623=0,0,N623/P623) -> 0.375 | AD623: =IF(P623>=Stats!$C$30,"High",IF(P623<=Stats!$C$29,"Low","Normal")) -> Low | AE623: =SUBTOTAL(103,A623) -> 1
... A1001: =Dataset_3!A391 -> 1000 | B1001: =Dataset_3!B391 -> 40588 | C1001: =Dataset_3!C391 -> 1 | D1001: =Dataset_3!D391 -> 0 | E1001: =Dataset_3!E391 -> 2 | F1001: =Dataset_3!F391 -> 7 | G1001: =Dataset_3!G391 -> FALSE | H1001: =Dataset_3!H391 -> 1 | ... P1001: =Dataset_3!P391 -> 98 | Q1001: ="REC-"&TEXT(A1001,"0000") -> REC-1000 | R1001: =B1001+F1001/24 -> 40588.292 | S1001: =TEXT(B1001,"mmm") -> Feb | T1001: =INDEX(Lookups!$B$39:$B$45,MATCH(H1001,Lookups!$A$39:$A$45,0)) -> Mon | U1001: =IF(OR(H1001=0,H1001=6),"Weekend","Weekday") -> Weekday | V1001: =IF(OR(U1001="Weekend",G1001=TRUE),"Non-Working Day","Working Day") -> Working Day | W1001: =VLOOKUP(C1001,tbl_season,2,FALSE) -> Spring | X1001: =VLOOKUP(I1001,tbl_weather,2,FALSE) -> Clear | Y1001: =INDEX(band_name,MATCH(F1001,band_start,1)) -> Morning | Z1001: =INDEX(temp_band,MATCH(J1001,temp_from,1)) -> Warm | AA1001: =INDEX(hum_band,MATCH(L1001,hum_from,1)) -> Low | AB1001: =IF(AND(U1001="Weekday",OR(AND(F1001>=7,F1001<=9),AND(F1001>=16,F1001<=19))),"Peak","Off-Peak") -> Peak | AC1001: =IF(P1001=0,0,N1001/P1001) -> 0.020408163 | AD1001: =IF(P1001>=Stats!$C$30,"High",IF(P1001<=Stats!$C$29,"Low","Normal")) -> High | AE1001: =SUBTOTAL(103,A1001) -> 1

Sheet Dataset_A
A1: instant | B1: dteday | C1: season | D1: yr | E1: mnth | F1: hr | G1: holiday | H1: weekday | I1: weathersit | J1: temp | K1: atemp | L1: hum | M1: windspeed | N1: casual | O1: registered | P1: cnt
A2: =Dataset_1!A2 -> 1 | B2: =Dataset_1!B2 -> 40544 | C2: =Dataset_1!C2 -> 1 | D2: =Dataset_1!D2 -> 0 | E2: =Dataset_1!E2 -> 1 | F2: =Dataset_1!F2 -> 0 | G2: =Dataset_1!G2 -> FALSE | H2: =Dataset_1!H2 -> 6 | ... J2: =Dataset_1!J2 -> 0.24 | K2: =INDEX(Dataset_2!$B$2:$B$611,MATCH($A2,Dataset_2!$A$2:$A$611,0)) -> 0.2879 | L2: =INDEX(Dataset_2!$C$2:$C$611,MATCH($A2,Dataset_2!$A$2:$A$611,0)) -> 0.81 | M2: =INDEX(Dataset_2!$D$2:$D$611,MATCH($A2,Dataset_2!$A$2:$A$611,0)) -> 0 | N2: =INDEX(Dataset_2!$E$2:$E$611,MATCH($A2,Dataset_2!$A$2:$A$611,0)) -> 3 | O2: =INDEX(Dataset_2!$F$2:$F$611,MATCH($A2,Dataset_2!$A$2:$A$611,0)) -> 13 | P2: =INDEX(Dataset_2!$G$2:$G$611,MATCH($A2,Dataset_2!$A$2:$A$611,0)) -> 16
A3: =Dataset_1!A3 -> 2 | B3: =Dataset_1!B3 -> 40544 | C3: =Dataset_1!C3 -> 1 | D3: =Dataset_1!D3 -> 0 | E3: =Dataset_1!E3 -> 1 | F3: =Dataset_1!F3 -> 1 | G3: =Dataset_1!G3 -> FALSE | H3: =Dataset_1!H3 -> 6 | ... J3: =Dataset_1!J3 -> 0.22 | K3: =INDEX(Dataset_2!$B$2:$B$611,MATCH($A3,Dataset_2!$A$2:$A$611,0)) -> 0.2727 | L3: =INDEX(Dataset_2!$C$2:$C$611,MATCH($A3,Dataset_2!$A$2:$A$611,0)) -> 0.8 | M3: =INDEX(Dataset_2!$D$2:$D$611,MATCH($A3,Dataset_2!$A$2:$A$611,0)) -> 0 | N3: =INDEX(Dataset_2!$E$2:$E$611,MATCH($A3,Dataset_2!$A$2:$A$611,0)) -> 8 | O3: =INDEX(Dataset_2!$F$2:$F$611,MATCH($A3,Dataset_2!$A$2:$A$611,0)) -> 32 | P3: =INDEX(Dataset_2!$G$2:$G$611,MATCH($A3,Dataset_2!$A$2:$A$611,0)) -> 40
A4: =Dataset_1!A4 -> 3 | B4: =Dataset_1!B4 -> 40544 | C4: =Dataset_1!C4 -> 1 | D4: =Dataset_1!D4 -> 0 | E4: =Dataset_1!E4 -> 1 | F4: =Dataset_1!F4 -> 2 | G4: =Dataset_1!G4 -> FALSE | H4: =Dataset_1!H4 -> 6 | ... J4: =Dataset_1!J4 -> 0.22 | K4: =INDEX(Dataset_2!$B$2:$B$611,MATCH($A4,Dataset_2!$A$2:$A$611,0)) -> 0.2727 | L4: =INDEX(Dataset_2!$C$2:$C$611,MATCH($A4,Dataset_2!$A$2:$A$611,0)) -> 0.8 | M4: =INDEX(Dataset_2!$D$2:$D$611,MATCH($A4,Dataset_2!$A$2:$A$611,0)) -> 0 | N4: =INDEX(Dataset_2!$E$2:$E$611,MATCH($A4,Dataset_2!$A$2:$A$611,0)) -> 5 | O4: =INDEX(Dataset_2!$F$2:$F$611,MATCH($A4,Dataset_2!$A$2:$A$611,0)) -> 27 | P4: =INDEX(Dataset_2!$G$2:$G$611,MATCH($A4,Dataset_2!$A$2:$A$611,0)) -> 32
A5: =Dataset_1!A5 -> 4 | B5: =Dataset_1!B5 -> 40544 | C5: =Dataset_1!C5 -> 1 | D5: =Dataset_1!D5 -> 0 | E5: =Dataset_1!E5 -> 1 | F5: =Dataset_1!F5 -> 3 | G5: =Dataset_1!G5 -> FALSE | H5: =Dataset_1!H5 -> 6 | ... J5: =Dataset_1!J5 -> 0.24 | K5: =INDEX(Dataset_2!$B$2:$B$611,MATCH($A5,Dataset_2!$A$2:$A$611,0)) -> 0.2879 | L5: =INDEX(Dataset_2!$C$2:$C$611,MATCH($A5,Dataset_2!$A$2:$A$611,0)) -> 0.75 | M5: =INDEX(Dataset_2!$D$2:$D$611,MATCH($A5,Dataset_2!$A$2:$A$611,0)) -> 0 | N5: =INDEX(Dataset_2!$E$2:$E$611,MATCH($A5,Dataset_2!$A$2:$A$611,0)) -> 3 | O5: =INDEX(Dataset_2!$F$2:$F$611,MATCH($A5,Dataset_2!$A$2:$A$611,0)) -> 10 | P5: =INDEX(Dataset_2!$G$2:$G$611,MATCH($A5,Dataset_2!$A$2:$A$611,0)) -> 13
A6: =Dataset_1!A6 -> 5 | B6: =Dataset_1!B6 -> 40544 | C6: =Dataset_1!C6 -> 1 | D6: =Dataset_1!D6 -> 0 | E6: =Dataset_1!E6 -> 1 | F6: =Dataset_1!F6 -> 4 | G6: =Dataset_1!G6 -> FALSE | H6: =Dataset_1!H6 -> 6 | ... J6: =Dataset_1!J6 -> 0.24 | K6: =INDEX(Dataset_2!$B$2:$B$611,MATCH($A6,Dataset_2!$A$2:$A$611,0)) -> 0.2879 | L6: =INDEX(Dataset_2!$C$2:$C$611,MATCH($A6,Dataset_2!$A$2:$A$611,0)) -> 0.75 | M6: =INDEX(Dataset_2!$D$2:$D$611,MATCH($A6,Dataset_2!$A$2:$A$611,0)) -> 0 | N6: =INDEX(Dataset_2!$E$2:$E$611,MATCH($A6,Dataset_2!$A$2:$A$611,0)) -> 0 | O6: =INDEX(Dataset_2!$F$2:$F$611,MATCH($A6,Dataset_2!$A$2:$A$611,0)) -> 1 | P6: =INDEX(Dataset_2!$G$2:$G$611,MATCH($A6,Dataset_2!$A$2:$A$611,0)) -> 1
A7: =Dataset_1!A7 -> 6 | B7: =Dataset_1!B7 -> 40544 | C7: =Dataset_1!C7 -> 1 | D7: =Dataset_1!D7 -> 0 | E7: =Dataset_1!E7 -> 1 | F7: =Dataset_1!F7 -> 5 | G7: =Dataset_1!G7 -> FALSE | H7: =Dataset_1!H7 -> 6 | ... J7: =Dataset_1!J7 -> 0.24 | K7: =INDEX(Dataset_2!$B$2:$B$611,MATCH($A7,Dataset_2!$A$2:$A$611,0)) -> 0.2576 | L7: =INDEX(Dataset_2!$C$2:$C$611,MATCH($A7,Dataset_2!$A$2:$A$611,0)) -> 0.75 | M7: =INDEX(Dataset_2!$D$2:$D$611,MATCH($A7,Dataset_2!$A$2:$A$611,0)) -> 0.0896 | N7: =INDEX(Dataset_2!$E$2:$E$611,MATCH($A7,Dataset_2!$A$2:$A$611,0)) -> 0 | O7: =INDEX(Dataset_2!$F$2:$F$611,MATCH($A7,Dataset_2!$A$2:$A$611,0)) -> 1 | P7: =INDEX(Dataset_2!$G$2:$G$611,MATCH($A7,Dataset_2!$A$2:$A$611,0)) -> 1
A8: =Dataset_1!A8 -> 7 | B8: =Dataset_1!B8 -> 40544 | C8: =Dataset_1!C8 -> 1 | D8: =Dataset_1!D8 -> 0 | E8: =Dataset_1!E8 -> 1 | F8: =Dataset_1!F8 -> 6 | G8: =Dataset_1!G8 -> FALSE | H8: =Dataset_1!H8 -> 6 | ... J8: =Dataset_1!J8 -> 0.22 | K8: =INDEX(Dataset_2!$B$2:$B$611,MATCH($A8,Dataset_2!$A$2:$A$611,0)) -> 0.2727 | L8: =INDEX(Dataset_2!$C$2:$C$611,MATCH($A8,Dataset_2!$A$2:$A$611,0)) -> 0.8 | M8: =INDEX(Dataset_2!$D$2:$D$611,MATCH($A8,Dataset_2!$A$2:$A$611,0)) -> 0 | N8: =INDEX(Dataset_2!$E$2:$E$611,MATCH($A8,Dataset_2!$A$2:$A$611,0)) -> 2 | O8: =INDEX(Dataset_2!$F$2:$F$611,MATCH($A8,Dataset_2!$A$2:$A$611,0)) -> 0 | P8: =INDEX(Dataset_2!$G$2:$G$611,MATCH($A8,Dataset_2!$A$2:$A$611,0)) -> 2
A9: =Dataset_1!A9 -> 8 | B9: =Dataset_1!B9 -> 40544 | C9: =Dataset_1!C9 -> 1 | D9: =Dataset_1!D9 -> 0 | E9: =Dataset_1!E9 -> 1 | F9: =Dataset_1!F9 -> 7 | G9: =Dataset_1!G9 -> FALSE | H9: =Dataset_1!H9 -> 6 | ... J9: =Dataset_1!J9 -> 0.2 | K9: =INDEX(Dataset_2!$B$2:$B$611,MATCH($A9,Dataset_2!$A$2:$A$611,0)) -> 0.2576 | L9: =INDEX(Dataset_2!$C$2:$C$611,MATCH($A9,Dataset_2!$A$2:$A$611,0)) -> 0.86 | M9: =INDEX(Dataset_2!$D$2:$D$611,MATCH($A9,Dataset_2!$A$2:$A$611,0)) -> 0 | N9: =INDEX(Dataset_2!$E$2:$E$611,MATCH($A9,Dataset_2!$A$2:$A$611,0)) -> 1 | O9: =INDEX(Dataset_2!$F$2:$F$611,MATCH($A9,Dataset_2!$A$2:$A$611,0)) -> 2 | P9: =INDEX(Dataset_2!$G$2:$G$611,MATCH($A9,Dataset_2!$A$2:$A$611,0)) -> 3
A10: =Dataset_1!A10 -> 9 | B10: =Dataset_1!B10 -> 40544 | C10: =Dataset_1!C10 -> 1 | D10: =Dataset_1!D10 -> 0 | E10: =Dataset_1!E10 -> 1 | F10: =Dataset_1!F10 -> 8 | G10: =Dataset_1!G10 -> FALSE | H10: =Dataset_1!H10 -> 6 | ... J10: =Dataset_1!J10 -> 0.24 | K10: =INDEX(Dataset_2!$B$2:$B$611,MATCH($A10,Dataset_2!$A$2:$A$611,0)) -> 0.3031 | L10: =INDEX(Dataset_2!$C$2:$C$611,MATCH($A10,Dataset_2!$A$2:$A$611,0)) -> 0.75 | M10: =INDEX(Dataset_2!$D$2:$D$611,MATCH($A10,Dataset_2!$A$2:$A$611,0)) -> 0 | N10: =INDEX(Dataset_2!$E$2:$E$611,MATCH($A10,Dataset_2!$A$2:$A$611,0)) -> 1 | O10: =INDEX(Dataset_2!$F$2:$F$611,MATCH($A10,Dataset_2!$A$2:$A$611,0)) -> 7 | P10: =INDEX(Dataset_2!$G$2:$G$611,MATCH($A10,Dataset_2!$A$2:$A$611,0)) -> 8
A11: =Dataset_1!A11 -> 10 | B11: =Dataset_1!B11 -> 40544 | C11: =Dataset_1!C11 -> 1 | D11: =Dataset_1!D11 -> 0 | E11: =Dataset_1!E11 -> 1 | F11: =Dataset_1!F11 -> 9 | G11: =Dataset_1!G11 -> FALSE | H11: =Dataset_1!H11 -> 6 | ... J11: =Dataset_1!J11 -> 0.32 | K11: =INDEX(Dataset_2!$B$2:$B$611,MATCH($A11,Dataset_2!$A$2:$A$611,0)) -> 0.3485 | L11: =INDEX(Dataset_2!$C$2:$C$611,MATCH($A11,Dataset_2!$A$2:$A$611,0)) -> 0.76 | M11: =INDEX(Dataset_2!$D$2:$D$611,MATCH($A11,Dataset_2!$A$2:$A$611,0)) -> 0 | N11: =INDEX(Dataset_2!$E$2:$E$611,MATCH($A11,Dataset_2!$A$2:$A$611,0)) -> 8 | O11: =INDEX(Dataset_2!$F$2:$F$611,MATCH($A11,Dataset_2!$A$2:$A$611,0)) -> 6 | P11: =INDEX(Dataset_2!$G$2:$G$611,MATCH($A11,Dataset_2!$A$2:$A$611,0)) -> 14
A12: =Dataset_1!A12 -> 11 | B12: =Dataset_1!B12 -> 40544 | C12: =Dataset_1!C12 -> 1 | D12: =Dataset_1!D12 -> 0 | E12: =Dataset_1!E12 -> 1 | F12: =Dataset_1!F12 -> 10 | G12: =Dataset_1!G12 -> FALSE | H12: =Dataset_1!H12 -> 6 | ... J12: =Dataset_1!J12 -> 0.38 | K12: =INDEX(Dataset_2!$B$2:$B$611,MATCH($A12,Dataset_2!$A$2:$A$611,0)) -> 0.3939 | L12: =INDEX(Dataset_2!$C$2:$C$611,MATCH($A12,Dataset_2!$A$2:$A$611,0)) -> 0.76 | M12: =INDEX(Dataset_2!$D$2:$D$611,MATCH($A12,Dataset_2!$A$2:$A$611,0)) -> 0.2537 | N12: =INDEX(Dataset_2!$E$2:$E$611,MATCH($A12,Dataset_2!$A$2:$A$611,0)) -> 12 | O12: =INDEX(Dataset_2!$F$2:$F$611,MATCH($A12,Dataset_2!$A$2:$A$611,0)) -> 24 | P12: =INDEX(Dataset_2!$G$2:$G$611,MATCH($A12,Dataset_2!$A$2:$A$611,0)) -> 36
A13: =Dataset_1!A13 -> 12 | B13: =Dataset_1!B13 -> 40544 | C13: =Dataset_1!C13 -> 1 | D13: =Dataset_1!D13 -> 0 | E13: =Dataset_1!E13 -> 1 | F13: =Dataset_1!F13 -> 11 | G13: =Dataset_1!G13 -> FALSE | H13: =Dataset_1!H13 -> 6 | ... J13: =Dataset_1!J13 -> 0.36 | K13: =INDEX(Dataset_2!$B$2:$B$611,MATCH($A13,Dataset_2!$A$2:$A$611,0)) -> 0.3333 | L13: =INDEX(Dataset_2!$C$2:$C$611,MATCH($A13,Dataset_2!$A$2:$A$611,0)) -> 0.81 | M13: =INDEX(Dataset_2!$D$2:$D$611,MATCH($A13,Dataset_2!$A$2:$A$611,0)) -> 0.2836 | N13: =INDEX(Dataset_2!$E$2:$E$611,MATCH($A13,Dataset_2!$A$2:$A$611,0)) -> 26 | O13: =INDEX(Dataset_2!$F$2:$F$611,MATCH($A13,Dataset_2!$A$2:$A$611,0)) -> 30 | P13: =INDEX(Dataset_2!$G$2:$G$611,MATCH($A13,Dataset_2!$A$2:$A$611,0)) -> 56
... A611: =Dataset_1!A611 -> 610 | B611: =Dataset_1!B611 -> 40571 | C611: =Dataset_1!C611 -> 1 | D611: =Dataset_1!D611 -> 0 | E611: =Dataset_1!E611 -> 1 | F611: =Dataset_1!F611 -> 15 | G611: =Dataset_1!G611 -> FALSE | H611: =Dataset_1!H611 -> 5 | ... J611: =Dataset_1!J611 -> 0.2 | K611: =INDEX(Dataset_2!$B$2:$B$611,MATCH($A611,Dataset_2!$A$2:$A$611,0)) -> 0.2576 | L611: =INDEX(Dataset_2!$C$2:$C$611,MATCH($A611,Dataset_2!$A$2:$A$611,0)) -> 0.86 | M611: =INDEX(Dataset_2!$D$2:$D$611,MATCH($A611,Dataset_2!$A$2:$A$611,0)) -> 0 | N611: =INDEX(Dataset_2!$E$2:$E$611,MATCH($A611,Dataset_2!$A$2:$A$611,0)) -> 1 | O611: =INDEX(Dataset_2!$F$2:$F$611,MATCH($A611,Dataset_2!$A$2:$A$611,0)) -> 40 | P611: =INDEX(Dataset_2!$G$2:$G$611,MATCH($A611,Dataset_2!$A$2:$A$611,0)) -> 41

Sheet Dataset_1
A1: instant | B1: dteday | C1: season | D1: yr | E1: mnth | F1: hr | G1: holiday | H1: weekday | I1: weathersit | J1: temp
A2: 1 | B2: 40544 | C2: 1 | D2: 0 | E2: 1 | F2: 0 | G2: FALSE | H2: 6 | I2: 1 | J2: 0.24
A3: 2 | B3: 40544 | C3: 1 | D3: 0 | E3: 1 | F3: 1 | G3: FALSE | H3: 6 | I3: 1 | J3: 0.22
A4: 3 | B4: 40544 | C4: 1 | D4: 0 | E4: 1 | F4: 2 | G4: FALSE | H4: 6 | I4: 1 | J4: 0.22
A5: 4 | B5: 40544 | C5: 1 | D5: 0 | E5: 1 | F5: 3 | G5: FALSE | H5: 6 | I5: 1 | J5: 0.24
A6: 5 | B6: 40544 | C6: 1 | D6: 0 | E6: 1 | F6: 4 | G6: FALSE | H6: 6 | I6: 1 | J6: 0.24
A7: 6 | B7: 40544 | C7: 1 | D7: 0 | E7: 1 | F7: 5 | G7: FALSE | H7: 6 | I7: 2 | J7: 0.24
A8: 7 | B8: 40544 | C8: 1 | D8: 0 | E8: 1 | F8: 6 | G8: FALSE | H8: 6 | I8: 1 | J8: 0.22
A9: 8 | B9: 40544 | C9: 1 | D9: 0 | E9: 1 | F9: 7 | G9: FALSE | H9: 6 | I9: 1 | J9: 0.2
A10: 9 | B10: 40544 | C10: 1 | D10: 0 | E10: 1 | F10: 8 | G10: FALSE | H10: 6 | I10: 1 | J10: 0.24
A11: 10 | B11: 40544 | C11: 1 | D11: 0 | E11: 1 | F11: 9 | G11: FALSE | H11: 6 | I11: 1 | J11: 0.32
A12: 11 | B12: 40544 | C12: 1 | D12: 0 | E12: 1 | F12: 10 | G12: FALSE | H12: 6 | I12: 1 | J12: 0.38
A13: 12 | B13: 40544 | C13: 1 | D13: 0 | E13: 1 | F13: 11 | G13: FALSE | H13: 6 | I13: 1 | J13: 0.36
... A611: 610 | B611: 40571 | C611: 1 | D611: 0 | E611: 1 | F611: 15 | G611: FALSE | H611: 5 | I611: 2 | J611: 0.2

Sheet Dataset_2
A1: instant | B1: atemp | C1: hum | D1: windspeed | E1: casual | F1: registered | G1: cnt
A2: 1 | B2: 0.2879 | C2: 0.81 | D2: 0 | E2: 3 | F2: 13 | G2: 16
A3: 2 | B3: 0.2727 | C3: 0.8 | D3: 0 | E3: 8 | F3: 32 | G3: 40
A4: 3 | B4: 0.2727 | C4: 0.8 | D4: 0 | E4: 5 | F4: 27 | G4: 32
A5: 4 | B5: 0.2879 | C5: 0.75 | D5: 0 | E5: 3 | F5: 10 | G5: 13
A6: 5 | B6: 0.2879 | C6: 0.75 | D6: 0 | E6: 0 | F6: 1 | G6: 1
A7: 6 | B7: 0.2576 | C7: 0.75 | D7: 0.0896 | E7: 0 | F7: 1 | G7: 1
A8: 7 | B8: 0.2727 | C8: 0.8 | D8: 0 | E8: 2 | F8: 0 | G8: 2
A9: 8 | B9: 0.2576 | C9: 0.86 | D9: 0 | E9: 1 | F9: 2 | G9: 3
A10: 9 | B10: =ROUND(AVERAGE(B9,B11),4) -> 0.3031 | C10: 0.75 | D10: 0 | E10: 1 | F10: 7 | G10: 8
A11: 10 | B11: 0.3485 | C11: 0.76 | D11: 0 | E11: 8 | F11: 6 | G11: 14
A12: 11 | B12: 0.3939 | C12: 0.76 | D12: 0.2537 | E12: 12 | F12: 24 | G12: 36
A13: 12 | B13: 0.3333 | C13: 0.81 | D13: 0.2836 | E13: 26 | F13: 30 | G13: 56
A14: 13 | B14: 0.4242 | C14: 0.77 | D14: 0.2836 | E14: 29 | F14: 55 | G14: 84
A15: 14 | B15: 0.4545 | C15: 0.72 | D15: 0.2985 | E15: 47 | F15: 47 | G15: 94
A16: 15 | B16: 0.4545 | C16: 0.72 | D16: 0.2836 | E16: 35 | F16: 71 | G16: 106
A17: 16 | B17: 0.4394 | C17: 0.77 | D17: 0.2985 | E17: 40 | F17: 70 | G17: 110
A18: 17 | B18: 0.4242 | C18: 0.82 | D18: 0.2985 | E18: 41 | F18: 52 | G18: 93
A19: 18 | B19: =ROUND(AVERAGE(B18,B20),4) -> 0.4242 | C19: 0.82 | D19: 0.2836 | E19: 15 | F19: 52 | G19: 67
A20: 19 | B20: 0.4242 | C20: 0.88 | D20: 0.2537 | E20: 9 | F20: 26 | G20: 35
A21: 20 | B21: 0.4242 | C21: 0.88 | D21: 0.2537 | E21: 6 | F21: 31 | G21: 37
A22: 21 | B22: 0.4091 | C22: 0.87 | D22: 0.2537 | E22: 11 | F22: 25 | G22: 36
A23: 22 | B23: 0.4091 | C23: 0.87 | D23: 0.194 | E23: 3 | F23: 31 | G23: 34
A24: 23 | B24: 0.4091 | C24: 0.94 | D24: 0.2239 | E24: 11 | F24: 17 | G24: 28
A25: 24 | B25: =ROUND(AVERAGE(B24,B26),4) -> 0.4318 | C25: 0.88 | D25: 0.2985 | E25: 15 | F25: 24 | G25: 39
A26: 25 | B26: 0.4545 | C26: 0.88 | D26: 0.2985 | E26: 4 | F26: 13 | G26: 17
A27: 26 | B27: 0.4394 | C27: 0.94 | D27: 0.2537 | E27: 1 | F27: 16 | G27: 17
A28: 27 | B28: 0.4242 | C28: 1 | D28: 0.2836 | E28: 1 | F28: 8 | G28: 9
A29: 28 | B29: 0.4545 | C29: 0.94 | D29: 0.194 | E29: 2 | F29: 4 | G29: 6
A30: 29 | B30: =ROUND(AVERAGE(B29,B31),4) -> 0.4394 | C30: 0.94 | D30: 0.194 | E30: 2 | F30: 1 | G30: 3
A31: 30 | B31: 0.4242 | C31: 0.77 | D31: 0.2985 | E31: 0 | F31: 2 | G31: 2
A32: 31 | B32: 0.4091 | C32: 0.76 | D32: 0.194 | E32: 0 | F32: 1 | G32: 1
A33: 32 | B33: 0.4091 | C33: 0.71 | D33: 0.2239 | E33: 0 | F33: 8 | G33: 8
A34: 33 | B34: =ROUND(AVERAGE(B33,B35),4) -> 0.3788 | C34: 0.76 | D34: 0.2239 | E34: 1 | F34: 19 | G34: 20
A35: 34 | B35: 0.3485 | C35: 0.81 | D35: 0.2239 | E35: 7 | F35: 46 | G35: 53
A36: 35 | B36: 0.3333 | C36: 0.71 | D36: 0.2537 | E36: 16 | F36: 54 | G36: 70
A37: 36 | B37: 0.3333 | C37: 0.66 | D37: 0.2985 | E37: 20 | F37: 73 | G37: 93
A38: 37 | B38: 0.3485 | C38: 0.66 | D38: 0.1343 | E38: 11 | F38: 64 | G38: 75
A39: 38 | B39: =ROUND(AVERAGE(B38,B40),4) -> 0.3409 | C39: 0.76 | D39: 0.194 | E39: 4 | F39: 55 | G39: 59
A40: 39 | B40: 0.3333 | C40: 0.81 | D40: 0.1642 | E40: 19 | F40: 55 | G40: 74
A41: 40 | B41: 0.3333 | C41: 0.71 | D41: 0.1642 | E41: 9 | F41: 67 | G41: 76
A42: 41 | B42: 0.3333 | C42: 0.57 | D42: 0.194 | E42: 7 | F42: 58 | G42: 65
A43: 42 | B43: 0.3333 | C43: 0.46 | D43: 0.3284 | E43: 10 | F43: 43 | G43: 53
A44: 43 | B44: 0.2879 | C44: 0.42 | D44: 0.4478 | E44: 1 | F44: 29 | G44: 30
A45: 44 | B45: =ROUND(AVERAGE(B44,B46),4) -> 0.2576 | C45: 0.39 | D45: 0.3582 | E45: 5 | F45: 17 | G45: 22
A46: 45 | B46: 0.2273 | C46: 0.44 | D46: 0.3284 | E46: 11 | F46: 20 | G46: 31
A47: 46 | B47: 0.2121 | C47: 0.44 | D47: 0.2985 | E47: 0 | F47: 9 | G47: 9
A48: 47 | B48: 0.2273 | C48: 0.47 | D48: 0.1642 | E48: 0 | F48: 8 | G48: 8
A49: 48 | B49: 0.197 | C49: 0.44 | D49: 0.3582 | E49: 0 | F49: 5 | G49: 5
A50: 49 | B50: =ROUND(AVERAGE(B49,B51),4) -> 0.1667 | C50: 0.44 | D50: 0.4179 | E50: 0 | F50: 2 | G50: 2
A51: 50 | B51: 0.1364 | C51: 0.47 | D51: 0.3881 | E51: 0 | F51: 1 | G51: 1
A52: 51 | B52: 0.1364 | C52: 0.47 | D52: 0.2836 | E52: 0 | F52: 3 | G52: 3
A53: 52 | B53: 0.1061 | C53: 0.5 | D53: 0.3881 | E53: 0 | F53: 30 | G53: 30
A54: 53 | B54: 0.1364 | C54: 0.5 | D54: 0.194 | E54: 1 | F54: 63 | G54: 64
A55: 54 | B55: 0.1212 | C55: 0.5 | D55: 0.2836 | E55: 1 | F55: 153 | G55: 154
A56: 55 | B56: 0.1364 | C56: 0.43 | D56: 0.3881 | E56: 7 | F56: 81 | G56: 88
A57: 56 | B57: 0.1667 | C57: 0.43 | D57: 0.2537 | E57: 11 | F57: 33 | G57: 44
A58: 57 | B58: 0.1818 | C58: 0.4 | D58: 0.3284 | E58: 10 | F58: 41 | G58: 51
A59: 58 | B59: 0.2121 | C59: 0.35 | D59: 0.2985 | E59: 13 | F59: 48 | G59: 61
A60: 59 | B60: =ROUND(AVERAGE(B59,B61),4) -> 0.2273 | C60: 0.35 | D60: 0.2836 | E60: 8 | F60: 53 | G60: 61
A61: 60 | B61: 0.2424 | C61: 0.3 | D61: 0.2836 | E61: 11 | F61: 66 | G61: 77
A62: 61 | B62: 0.2424 | C62: 0.3 | D62: 0.2537 | E62: 14 | F62: 58 | G62: 72
A63: 62 | B63: 0.2424 | C63: 0.3 | D63: 0.2537 | E63: 9 | F63: 67 | G63: 76
A64: 63 | B64: 0.2273 | C64: 0.3 | D64: 0.2239 | E64: 11 | F64: 146 | G64: 157
A65: 64 | B65: 0.2576 | C65: 0.32 | D65: 0.1045 | E65: 9 | F65: 148 | G65: 157
A66: 65 | B66: 0.2576 | C66: 0.47 | D66: 0 | E66: 8 | F66: 102 | G66: 110
A67: 66 | B67: =ROUND(AVERAGE(B66,B68),4) -> 0.2273 | C67: 0.47 | D67: 0.1045 | E67: 3 | F67: 49 | G67: 52
A68: 67 | B68: 0.197 | C68: 0.64 | D68: 0.1343 | E68: 3 | F68: 49 | G68: 52
A69: 68 | B69: 0.1515 | C69: 0.69 | D69: 0.1343 | E69: 0 | F69: 20 | G69: 20
A70: 69 | B70: 0.2121 | C70: 0.55 | D70: 0.1045 | E70: 1 | F70: 11 | G70: 12
A71: 70 | B71: =ROUND(AVERAGE(B70,B72),4) -> 0.197 | C71: 0.55 | D71: 0.1045 | E71: 0 | F71: 5 | G71: 5
A72: 71 | B72: 0.1818 | C72: 0.59 | D72: 0.1045 | E72: 0 | F72: 2 | G72: 2
A73: 72 | B73: 0.1515 | C73: 0.63 | D73: 0.1343 | E73: 0 | F73: 1 | G73: 1
A74: 73 | B74: 0.1818 | C74: 0.63 | D74: 0.0896 | E74: 0 | F74: 2 | G74: 2
A75: 74 | B75: 0.1515 | C75: 0.68 | D75: 0.1045 | E75: 0 | F75: 4 | G75: 4
A76: 75 | B76: 0.1515 | C76: 0.74 | D76: 0.1045 | E76: 0 | F76: 36 | G76: 36
A77: 76 | B77: 0.1515 | C77: 0.74 | D77: 0.1343 | E77: 2 | F77: 92 | G77: 94
A78: 77 | B78: 0.1515 | C78: 0.69 | D78: 0.1642 | E78: 2 | F78: 177 | G78: 179
A79: 78 | B79: 0.1515 | C79: 0.64 | D79: 0.2239 | E79: 2 | F79: 98 | G79: 100
A80: 79 | B80: 0.1364 | C80: 0.69 | D80: 0.3284 | E80: 5 | F80: 37 | G80: 42
A81: 80 | B81: 0.2121 | C81: 0.51 | D81: 0.2985 | E81: 7 | F81: 50 | G81: 57
A82: 81 | B82: 0.2273 | C82: 0.51 | D82: 0.1642 | E82: 12 | F82: 66 | G82: 78
A83: 82 | B83: 0.2273 | C83: 0.56 | D83: 0.194 | E83: 18 | F83: 79 | G83: 97
... A611: 610 | B611: 0.2576 | C611: 0.86 | D611: 0 | E611: 1 | F611: 40 | G611: 41

Sheet Dataset_3
A1: instant | B1: dteday | C1: season | D1: yr | E1: mnth | F1: hr | G1: holiday | H1: weekday | I1: weathersit | J1: temp | K1: atemp | L1: hum | M1: windspeed | N1: casual | O1: registered | P1: cnt
A2: 611 | B2: 40571 | C2: 1 | D2: 0 | E2: 1 | F2: 16 | G2: FALSE | H2: 5 | I2: 1 | J2: 0.22 | K2: 0.2727 | L2: 0.8 | M2: 0 | N2: 10 | O2: 70 | P2: 80
A3: 612 | B3: 40571 | C3: 1 | D3: 0 | E3: 1 | F3: 17 | G3: FALSE | H3: 5 | I3: 1 | J3: 0.24 | K3: 0.2424 | L3: 0.75 | M3: 0.1343 | N3: 2 | O3: 147 | P3: 149
A4: 613 | B4: 40571 | C4: 1 | D4: 0 | E4: 1 | F4: 18 | G4: FALSE | H4: 5 | I4: 1 | J4: 0.24 | K4: 0.2273 | L4: 0.75 | M4: 0.194 | N4: 2 | O4: 107 | P4: 109
A5: 614 | B5: 40571 | C5: 1 | D5: 0 | E5: 1 | F5: 19 | G5: FALSE | H5: 5 | I5: 2 | J5: 0.24 | K5: 0.2424 | L5: 0.75 | M5: 0.1343 | N5: 5 | O5: 84 | P5: 89
A6: 615 | B6: 40571 | C6: 1 | D6: 0 | E6: 1 | F6: 20 | G6: FALSE | H6: 5 | I6: 2 | J6: 0.24 | K6: 0.2273 | L6: 0.7 | M6: 0.194 | N6: 1 | O6: 61 | P6: 62
A7: 616 | B7: 40571 | C7: 1 | D7: 0 | E7: 1 | F7: 21 | G7: FALSE | H7: 5 | I7: 2 | J7: 0.22 | K7: 0.2273 | L7: 0.75 | M7: 0.1343 | N7: 1 | O7: 57 | P7: 58
A8: 617 | B8: 40571 | C8: 1 | D8: 0 | E8: 1 | F8: 22 | G8: FALSE | H8: 5 | I8: 1 | J8: 0.24 | K8: 0.2121 | L8: 0.65 | M8: 0.3582 | N8: 0 | O8: 26 | P8: 26
A9: 618 | B9: 40571 | C9: 1 | D9: 0 | E9: 1 | F9: 23 | G9: FALSE | H9: 5 | I9: 1 | J9: 0.24 | K9: 0.2273 | L9: 0.6 | M9: 0.2239 | N9: 1 | O9: 22 | P9: 23
A10: 619 | B10: 40572 | C10: 1 | D10: 0 | E10: 1 | F10: 0 | G10: FALSE | H10: 6 | I10: 1 | J10: 0.22 | K10: 0.197 | L10: 0.64 | M10: 0.3582 | N10: 2 | O10: 26 | P10: 28
A11: 620 | B11: 40572 | C11: 1 | D11: 0 | E11: 1 | F11: 1 | G11: FALSE | H11: 6 | I11: 1 | J11: 0.22 | K11: 0.2273 | L11: 0.64 | M11: 0.194 | N11: 0 | O11: 20 | P11: 20
A12: 621 | B12: 40572 | C12: 1 | D12: 0 | E12: 1 | F12: 2 | G12: FALSE | H12: 6 | I12: 1 | J12: 0.22 | K12: 0.2273 | L12: 0.64 | M12: 0.1642 | N12: 0 | O12: 15 | P12: 15
A13: 622 | B13: 40572 | C13: 1 | D13: 0 | E13: 1 | F13: 3 | G13: FALSE | H13: 6 | I13: 1 | J13: 0.2 | K13: 0.2121 | L13: 0.64 | M13: 0.1343 | N13: 3 | O13: 5 | P13: 8
... A391: 1000 | B391: 40588 | C391: 1 | D391: 0 | E391: 2 | F391: 7 | G391: FALSE | H391: 1 | I391: 1 | J391: 0.34 | K391: 0.303 | L391: 0.46 | M391: 0.2985 | N391: 2 | O391: 96 | P391: 98

Sheet Data_Quality
A1: Data Quality Log & Stage-by-Stage Study
A2: Every stage of the pipeline is checked with formulas (brief task 2). The facilitator asked that each dataset be studied, not only the final one.
A4: Stage | B4: Rows | C4: Columns | D4: Blank cells | E4: Duplicate instants | F4: Instant range | G4: cnt = casual + registered? | H4: What was done
A5: Dataset_1 | B5: =ROWS(Dataset_1!$A$2:$A$611) -> 610 | C5: 10 | D5: =COUNTBLANK(Dataset_1!$A$2:$J$611) -> 0 | E5: =ROWS(Dataset_1!$A$2:$A$611)-SUMPRODUCT(1/COUNTIF(Dataset_1!$A$2:$A$611,Dataset_1!$A$2:$A$611)) -> 0 | F5: =MIN(Dataset_1!$A$2:$A$611)&" – "&MAX(Dataset_1!$A$2:$A$611) -> 1 – 610 | G5: n/a (no counts) | H5: Loaded as-is. Types checked (date, TRUE/FALSE, numbers).
A6: Dataset_2 | B6: =ROWS(Dataset_2!$A$2:$A$611) -> 610 | C6: 7 | D6: =COUNTBLANK(Dataset_2!$A$2:$G$611) -> 0 | E6: =ROWS(Dataset_2!$A$2:$A$611)-SUMPRODUCT(1/COUNTIF(Dataset_2!$A$2:$A$611,Dataset_2!$A$2:$A$611)) -> 0 | F6: =MIN(Dataset_2!$A$2:$A$611)&" – "&MAX(Dataset_2!$A$2:$A$611) -> 1 – 610 | G6: =IF(SUMPRODUCT(--(Dataset_2!$E$2:$E$611+Dataset_2!$F$2:$F$611<>Dataset_2!$G$2:$G$611))=0,"Yes, all rows","Mismatch") -> Yes, all rows | H6: Dropped "Unnamed: 0" index column. Filled 11 blank atemp with neighbour average (blank count is now 0).
A7: Dataset_3 | B7: =ROWS(Dataset_3!$A$2:$A$391) -> 390 | C7: 16 | D7: =COUNTBLANK(Dataset_3!$A$2:$P$391) -> 0 | E7: =ROWS(Dataset_3!$A$2:$A$391)-SUMPRODUCT(1/COUNTIF(Dataset_3!$A$2:$A$391,Dataset_3!$A$2:$A$391)) -> 0 | F7: =MIN(Dataset_3!$A$2:$A$391)&" – "&MAX(Dataset_3!$A$2:$A$391) -> 611 – 1000 | G7: =IF(SUMPRODUCT(--(Dataset_3!$N$2:$N$391+Dataset_3!$O$2:$O$391<>Dataset_3!$P$2:$P$391))=0,"Yes, all rows","Mismatch") -> Yes, all rows | H7: Sorted by instant. No blanks or duplicates in the source.
A8: Dataset_A (D1+D2) | B8: =ROWS(Dataset_A!$A$2:$A$611) -> 610 | C8: 16 | D8: =COUNTBLANK(Dataset_A!$A$2:$P$611) -> 0 | E8: =ROWS(Dataset_A!$A$2:$A$611)-SUMPRODUCT(1/COUNTIF(Dataset_A!$A$2:$A$611,Dataset_A!$A$2:$A$611)) -> 0 | F8: =MIN(Dataset_A!$A$2:$A$611)&" – "&MAX(Dataset_A!$A$2:$A$611) -> 1 – 610 | G8: =IF(SUMPRODUCT(--(Dataset_A!$N$2:$N$611+Dataset_A!$O$2:$O$611<>Dataset_A!$P$2:$P$611))=0,"Yes, all rows","Mismatch") -> Yes, all rows | H8: Merged on instant with INDEX/MATCH (Left Outer). All 610 keys matched.
A9: Final_Dataset (A + D3) | B9: =ROWS(Final_Dataset!$A$2:$A$1001) -> 1000 | C9: 16 | D9: =COUNTBLANK(Final_Dataset!$A$2:$P$1001) -> 0 | E9: =ROWS(Final_Dataset!$A$2:$A$1001)-SUMPRODUCT(1/COUNTIF(Final_Dataset!$A$2:$A$1001,Final_Dataset!$A$2:$A$1001)) -> 0 | F9: =MIN(Final_Dataset!$A$2:$A$1001)&" – "&MAX(Final_Dataset!$A$2:$A$1001) -> 1 – 1000 | G9: =IF(SUMPRODUCT(--(f_casual+f_registered<>f_cnt))=0,"Yes, all rows","Mismatch") -> Yes, all rows | H9: Dataset 3 appended under Dataset A. 15 feature columns added.
A12: Cleaning & merging steps (pipeline)
A13: 1. Pre-process each dataset separately: check types, blanks and duplicates (table above).
A14: 2. Dataset 2: remove the "Unnamed: 0" column; fill the 11 blank atemp values with the average of the neighbouring hours.
A15: 3. Dataset 3: sort by instant; confirm 390 unique records, no blanks.
A16: 4. Merge Dataset 1 + Dataset 2 side-by-side on instant → Dataset A (610 × 16). INDEX/MATCH here; Power Query "Merge Queries (Left Outer)" gives the same result.
A17: 5. Append Dataset 3 under Dataset A → Final_Dataset (1,000 × 16). Power Query equivalent: "Append Queries".
A18: 6. Add features with formulas: Day_Type (IF), Weather & Season (VLOOKUP), Time/Temp/Humidity bands (INDEX-MATCH), Peak_Hour (IF/AND/OR), Casual_Share, Demand_Level.
A19: 7. Not done on purpose: temp/atemp are NOT converted to °C/°F (units unknown); outliers are kept and flagged (see Anomalies).
A22: Stage-by-stage study (each dataset analysed on its own)
A23: Dataset 1: Weather | B23: Hours | C23: Avg temp | E23: Dataset 2: Measure | F23: Casual | G23: Registered | H23: Total (cnt)
A24: Clear | B24: =COUNTIF(Dataset_1!$I$2:$I$611,1) -> 368 | C24: =IFERROR(AVERAGEIF(Dataset_1!$I$2:$I$611,1,Dataset_1!$J$2:$J$611),0) -> 0.18065217 | E24: Sum | F24: =SUM(Dataset_2!E2:E611) -> 2746 | G24: =SUM(Dataset_2!F2:F611) -> 31152 | H24: =SUM(Dataset_2!G2:G611) -> 33898
A25: Cloudy/Mist | B25: =COUNTIF(Dataset_1!$I$2:$I$611,2) -> 194 | C25: =IFERROR(AVERAGEIF(Dataset_1!$I$2:$I$611,2,Dataset_1!$J$2:$J$611),0) -> 0.22164948 | E25: Average | F25: =AVERAGE(Dataset_2!E2:E611) -> 4.5016393 | G25: =AVERAGE(Dataset_2!F2:F611) -> 51.068852 | H25: =AVERAGE(Dataset_2!G2:G611) -> 55.570492
A26: Light Rain/Snow | B26: =COUNTIF(Dataset_1!$I$2:$I$611,3) -> 47 | C26: =IFERROR(AVERAGEIF(Dataset_1!$I$2:$I$611,3,Dataset_1!$J$2:$J$611),0) -> 0.2212766 | E26: Max | F26: =MAX(Dataset_2!E2:E611) -> 47 | G26: =MAX(Dataset_2!F2:F611) -> 247 | H26: =MAX(Dataset_2!G2:G611) -> 249
A27: Heavy Rain | B27: =COUNTIF(Dataset_1!$I$2:$I$611,4) -> 1 | C27: =IFERROR(AVERAGEIF(Dataset_1!$I$2:$I$611,4,Dataset_1!$J$2:$J$611),0) -> 0.22 | E27: Std Dev | F27: =STDEV(Dataset_2!E2:E611) -> 6.319945 | G27: =STDEV(Dataset_2!F2:F611) -> 47.021204 | H27: =STDEV(Dataset_2!G2:G611) -> 49.316802
A30: Dataset 3: Weather | B30: Hours | C30: Avg rentals | E30: Dataset A: Hour group | F30: Avg casual | G30: Avg registered | H30: Avg total
A31: Clear | B31: =COUNTIF(Dataset_3!$I$2:$I$391,1) -> 238 | C31: =IFERROR(AVERAGEIF(Dataset_3!$I$2:$I$391,1,Dataset_3!$P$2:$P$391),0) -> 64.705882 | E31: Night 0–5 | F31: =IFERROR(AVERAGEIFS(Dataset_A!$N$2:$N$611,Dataset_A!$F$2:$F$611,">=0",Dataset_A!$F$2:$F$611,"<=5"),0) -> 0.83088235 | G31: =IFERROR(AVERAGEIFS(Dataset_A!$O$2:$O$611,Dataset_A!$F$2:$F$611,">=0",Dataset_A!$F$2:$F$611,"<=5"),0) -> 6.4338235 | H31: =IFERROR(AVERAGEIFS(Dataset_A!$P$2:$P$611,Dataset_A!$F$2:$F$611,">=0",Dataset_A!$F$2:$F$611,"<=5"),0) -> 7.2647059
A32: Cloudy/Mist | B32: =COUNTIF(Dataset_3!$I$2:$I$391,2) -> 115 | C32: =IFERROR(AVERAGEIF(Dataset_3!$I$2:$I$391,2,Dataset_3!$P$2:$P$391),0) -> 66.782609 | E32: Morning 6–11 | F32: =IFERROR(AVERAGEIFS(Dataset_A!$N$2:$N$611,Dataset_A!$F$2:$F$611,">=6",Dataset_A!$F$2:$F$611,"<=11"),0) -> 3.7179487 | G32: =IFERROR(AVERAGEIFS(Dataset_A!$O$2:$O$611,Dataset_A!$F$2:$F$611,">=6",Dataset_A!$F$2:$F$611,"<=11"),0) -> 61.275641 | H32: =IFERROR(AVERAGEIFS(Dataset_A!$P$2:$P$611,Dataset_A!$F$2:$F$611,">=6",Dataset_A!$F$2:$F$611,"<=11"),0) -> 64.99359
A33: Light Rain/Snow | B33: =COUNTIF(Dataset_3!$I$2:$I$391,3) -> 37 | C33: =IFERROR(AVERAGEIF(Dataset_3!$I$2:$I$391,3,Dataset_3!$P$2:$P$391),0) -> 35.837838 | E33: Afternoon 12–16 | F33: =IFERROR(AVERAGEIFS(Dataset_A!$N$2:$N$611,Dataset_A!$F$2:$F$611,">=12",Dataset_A!$F$2:$F$611,"<=16"),0) -> 9.9407407 | G33: =IFERROR(AVERAGEIFS(Dataset_A!$O$2:$O$611,Dataset_A!$F$2:$F$611,">=12",Dataset_A!$F$2:$F$611,"<=16"),0) -> 63.481481 | H33: =IFERROR(AVERAGEIFS(Dataset_A!$P$2:$P$611,Dataset_A!$F$2:$F$611,">=12",Dataset_A!$F$2:$F$611,"<=16"),0) -> 73.422222
A34: Heavy Rain | B34: =COUNTIF(Dataset_3!$I$2:$I$391,4) -> 0 | C34: =IFERROR(AVERAGEIF(Dataset_3!$I$2:$I$391,4,Dataset_3!$P$2:$P$391),0) -> 0 | E34: Evening 17–20 | F34: =IFERROR(AVERAGEIFS(Dataset_A!$N$2:$N$611,Dataset_A!$F$2:$F$611,">=17",Dataset_A!$F$2:$F$611,"<=20"),0) -> 5.1047619 | G34: =IFERROR(AVERAGEIFS(Dataset_A!$O$2:$O$611,Dataset_A!$F$2:$F$611,">=17",Dataset_A!$F$2:$F$611,"<=20"),0) -> 93.809524 | H34: =IFERROR(AVERAGEIFS(Dataset_A!$P$2:$P$611,Dataset_A!$F$2:$F$611,">=17",Dataset_A!$F$2:$F$611,"<=20"),0) -> 98.914286
E35: Late 21–23 | F35: =IFERROR(AVERAGEIFS(Dataset_A!$N$2:$N$611,Dataset_A!$F$2:$F$611,">=21",Dataset_A!$F$2:$F$611,"<=23"),0) -> 2.2435897 | G35: =IFERROR(AVERAGEIFS(Dataset_A!$O$2:$O$611,Dataset_A!$F$2:$F$611,">=21",Dataset_A!$F$2:$F$611,"<=23"),0) -> 29.461538 | H35: =IFERROR(AVERAGEIFS(Dataset_A!$P$2:$P$611,Dataset_A!$F$2:$F$611,">=21",Dataset_A!$F$2:$F$611,"<=23"),0) -> 31.705128

Sheet Lookups
A1: Lookup Tables
A2: Reference tables used by VLOOKUP / INDEX-MATCH formulas and dashboard drop-downs. Edit labels here and every sheet updates.
A4: Weather Code | B4: Weather Label | C4: Meaning (UCI data dictionary) | E4: Day Type list | F4: Weather list | G4: Month list | H4: Time Band list
A5: 1 | B5: Clear | C5: Clear, few clouds, partly cloudy | E5: All | F5: All | G5: All | H5: All
A6: 2 | B6: Cloudy/Mist | C6: Mist + cloudy, broken clouds | E6: Weekday | F6: Clear | G6: Jan | H6: Night
A7: 3 | B7: Light Rain/Snow | C7: Light snow, light rain + thunderstorm | E7: Weekend | F7: Cloudy/Mist | G7: Feb | H7: Morning
A8: 4 | B8: Heavy Rain | C8: Heavy rain + ice pellets, snow + fog | F8: Light Rain/Snow | H8: Afternoon
F9: Heavy Rain | H9: Evening
H10: Late Evening
A11: Season Code | B11: Season Name
A12: 1 | B12: Spring
A13: 2 | B13: Summer
A14: 3 | B14: Fall
A15: 4 | B15: Winter
A18: Start Hour | B18: Time Band | C18: Hours
A19: 0 | B19: Night | C19: 00–05
A20: 6 | B20: Morning | C20: 06–11
A21: 12 | B21: Afternoon | C21: 12–16
A22: 17 | B22: Evening | C22: 17–20
A23: 21 | B23: Late Evening | C23: 21–23
A26: Temp From (normalised) | B26: Temperature Band
A27: 0 | B27: Cold
A28: 0.2 | B28: Mild
A29: 0.3 | B29: Warm
A32: Humidity From | B32: Humidity Band
A33: 0 | B33: Low
A34: 0.5 | B34: Medium
A35: 0.75 | B35: High
A38: Weekday Code | B38: Day Name | C38: Day Type
A39: 0 | B39: Sun | C39: Weekend
A40: 1 | B40: Mon | C40: Weekday
A41: 2 | B41: Tue | C41: Weekday
A42: 3 | B42: Wed | C42: Weekday
A43: 4 | B43: Thu | C43: Weekday
A44: 5 | B44: Fri | C44: Weekday
A45: 6 | B45: Sat | C45: Weekend

Sheet Dashboard_Calc
A1: Dashboard Calculations
A2: Feeds every number and chart on the Dashboard. Responds to the drop-down filters (and to slicers if added to tblFinal in Excel, via the Visible column).
A4: Active filters
A5: Day Type | B5: =IF(OR(Dashboard!$B$6="All",Dashboard!$B$6=""),"*",Dashboard!$B$6) -> *
A6: Weather | B6: =IF(OR(Dashboard!$H$6="All",Dashboard!$H$6=""),"*",Dashboard!$H$6) -> *
A7: Month | B7: =IF(OR(Dashboard!$N$6="All",Dashboard!$N$6=""),"*",Dashboard!$N$6) -> *
A8: Time Band | B8: =IF(OR(Dashboard!$T$6="All",Dashboard!$T$6=""),"*",Dashboard!$T$6) -> *
A9: Date from | B9: =IF(Dashboard!$Z$6="",DATE(2011,1,1),Dashboard!$Z$6) -> 40544
A10: Date to | B10: =IF(Dashboard!$AF$6="",DATE(2011,2,14),Dashboard!$AF$6) -> 40588
A12: KPIs
A13: Total rentals | B13: =SUMIFS(f_cnt,f_Day_Type,$B$5,f_Weather,$B$6,f_Month,$B$7,f_Time_Band,$B$8,f_dteday,">="&$B$9,f_dteday,"<="&$B$10,f_Visible,1) -> 58304
A14: Registered rentals | B14: =SUMIFS(f_registered,f_Day_Type,$B$5,f_Weather,$B$6,f_Month,$B$7,f_Time_Band,$B$8,f_dteday,">="&$B$9,f_dteday,"<="&$B$10,f_Visible,1) -> 53383
A15: Casual rentals | B15: =SUMIFS(f_casual,f_Day_Type,$B$5,f_Weather,$B$6,f_Month,$B$7,f_Time_Band,$B$8,f_dteday,">="&$B$9,f_dteday,"<="&$B$10,f_Visible,1) -> 4921
A16: Hours in selection | B16: =COUNTIFS(f_Day_Type,$B$5,f_Weather,$B$6,f_Month,$B$7,f_Time_Band,$B$8,f_dteday,">="&$B$9,f_dteday,"<="&$B$10,f_Visible,1) -> 1000
A17: Avg rentals per hour | B17: =IFERROR(B13/B16,0) -> 58.304
A18: Registered share | B18: =IFERROR(B14/B13,0) -> 0.91559756
A19: Casual share | B19: =IFERROR(B15/B13,0) -> 0.084402442
A20: Peak hour (avg) | B20: =IF(MAX($D$34:$D$57)=0,"–",TEXT(INDEX($A$34:$A$57,MATCH(MAX($D$34:$D$57),$D$34:$D$57,0))/24,"h AM/PM")) -> 5 PM
A21: Peak hour avg rentals | B21: =MAX($D$34:$D$57) -> 140.20455
A22: Best day (avg) | B22: =IF(MAX($H$34:$H$40)=0,"–",INDEX($E$34:$E$40,MATCH(MAX($H$34:$H$40),$H$34:$H$40,0))) -> Thu
A23: Best day avg rentals | B23: =MAX($H$34:$H$40) -> 67.664
A24: Best weather (avg) | B24: =IF(MAX($L$34:$L$37)=0,"–",INDEX($I$34:$I$37,MATCH(MAX($L$34:$L$37),$L$34:$L$37,0))) -> Clear
A25: Rain impact vs Clear | B25: =IFERROR($L$36/$L$34-1,0) -> -0.46162623
A26: Anomalies flagged (all data) | B26: =Anomalies!$B$7+Anomalies!$B$8 -> 7
A27: Peak-hour share of rentals | B27: =IFERROR(SUMIFS(f_cnt,f_Day_Type,$B$5,f_Weather,$B$6,f_Month,$B$7,f_Time_Band,$B$8,f_dteday,">="&$B$9,f_dteday,"<="&$B$10,f_Visible,1,f_Peak_Hour,"Peak")/B13,0) -> 0.43617934
A28: Forecast: next 24h total | B28: =SUM(Forecast!$D$1015:$D$1038) -> 2226.554
A33: Hour | B33: Avg Casual | C33: Avg Registered | D33: Avg Total | E33: Day | F33: Avg Casual | G33: Avg Registered | H33: Avg Total | I33: Weather | J33: Avg Casual | K33: Avg Registered | L33: Avg Total | M33: Hours | O33: Funnel stage | P33: Rentals | Q33: Spacer | R33: % of total
A34: 0 | B34: =IFERROR(AVERAGEIFS(f_casual,f_Day_Type,$B$5,f_Weather,$B$6,f_Month,$B$7,f_Time_Band,$B$8,f_dteday,">="&$B$9,f_dteday,"<="&$B$10,f_Visible,1,f_hr,$A34),0) -> 1.7209302 | C34: =IFERROR(AVERAGEIFS(f_registered,f_Day_Type,$B$5,f_Weather,$B$6,f_Month,$B$7,f_Time_Band,$B$8,f_dteday,">="&$B$9,f_dteday,"<="&$B$10,f_Visible,1,f_hr,$A34),0) -> 14.627907 | D34: =IFERROR(AVERAGEIFS(f_cnt,f_Day_Type,$B$5,f_Weather,$B$6,f_Month,$B$7,f_Time_Band,$B$8,f_dteday,">="&$B$9,f_dteday,"<="&$B$10,f_Visible,1,f_hr,$A34),0) -> 16.348837 | E34: Mon | F34: =IFERROR(AVERAGEIFS(f_casual,f_Day_Type,$B$5,f_Weather,$B$6,f_Month,$B$7,f_Time_Band,$B$8,f_dteday,">="&$B$9,f_dteday,"<="&$B$10,f_Visible,1,f_Day_Name,$E34),0) -> 3.5838926 | G34: =IFERROR(AVERAGEIFS(f_registered,f_Day_Type,$B$5,f_Weather,$B$6,f_Month,$B$7,f_Time_Band,$B$8,f_dteday,">="&$B$9,f_dteday,"<="&$B$10,f_Visible,1,f_Day_Name,$E34),0) -> 53.127517 | H34: =IFERROR(AVERAGEIFS(f_cnt,f_Day_Type,$B$5,f_Weather,$B$6,f_Month,$B$7,f_Time_Band,$B$8,f_dteday,">="&$B$9,f_dteday,"<="&$B$10,f_Visible,1,f_Day_Name,$E34),0) -> 56.711409 | I34: Clear | J34: =IFERROR(AVERAGEIFS(f_casual,f_Day_Type,$B$5,f_Weather,$B$6,f_Month,$B$7,f_Time_Band,$B$8,f_dteday,">="&$B$9,f_dteday,"<="&$B$10,f_Visible,1,f_Weather,$I34),0) -> 5.2986799 | K34: =IFERROR(AVERAGEIFS(f_registered,f_Day_Type,$B$5,f_Weather,$B$6,f_Month,$B$7,f_Time_Band,$B$8,f_dteday,">="&$B$9,f_dteday,"<="&$B$10,f_Visible,1,f_Weather,$I34),0) -> 56.372937 | L34: =IFERROR(AVERAGEIFS(f_cnt,f_Day_Type,$B$5,f_Weather,$B$6,f_Month,$B$7,f_Time_Band,$B$8,f_dteday,">="&$B$9,f_dteday,"<="&$B$10,f_Visible,1,f_Weather,$I34),0) -> 61.671617 | M34: =COUNTIFS(f_Day_Type,$B$5,f_Weather,$B$6,f_Month,$B$7,f_Time_Band,$B$8,f_dteday,">="&$B$9,f_dteday,"<="&$B$10,f_Visible,1,f_Weather,$I34) -> 606 | O34: All rentals | P34: =SUMIFS(f_cnt,f_Day_Type,$B$5,f_Weather,$B$6,f_Month,$B$7,f_Time_Band,$B$8,f_dteday,">="&$B$9,f_dteday,"<="&$B$10,f_Visible,1) -> 58304 | Q34: =(MAX($P$34:$P$37)-P34)/2 -> 0 | R34: =IFERROR(P34/$P$34,0) -> 1
A35: 1 | B35: =IFERROR(AVERAGEIFS(f_casual,f_Day_Type,$B$5,f_Weather,$B$6,f_Month,$B$7,f_Time_Band,$B$8,f_dteday,">="&$B$9,f_dteday,"<="&$B$10,f_Visible,1,f_hr,$A35),0) -> 1.1162791 | C35: =IFERROR(AVERAGEIFS(f_registered,f_Day_Type,$B$5,f_Weather,$B$6,f_Month,$B$7,f_Time_Band,$B$8,f_dteday,">="&$B$9,f_dteday,"<="&$B$10,f_Visible,1,f_hr,$A35),0) -> 9.5813953 | D35: =IFERROR(AVERAGEIFS(f_cnt,f_Day_Type,$B$5,f_Weather,$B$6,f_Month,$B$7,f_Time_Band,$B$8,f_dteday,">="&$B$9,f_dteday,"<="&$B$10,f_Visible,1,f_hr,$A35),0) -> 10.697674 | E35: Tue | F35: =IFERROR(AVERAGEIFS(f_casual,f_Day_Type,$B$5,f_Weather,$B$6,f_Month,$B$7,f_Time_Band,$B$8,f_dteday,">="&$B$9,f_dteday,"<="&$B$10,f_Visible,1,f_Day_Name,$E35),0) -> 3.5984252 | G35: =IFERROR(AVERAGEIFS(f_registered,f_Day_Type,$B$5,f_Weather,$B$6,f_Month,$B$7,f_Time_Band,$B$8,f_dteday,">="&$B$9,f_dteday,"<="&$B$10,f_Visible,1,f_Day_Name,$E35),0) -> 62.409449 | H35: =IFERROR(AVERAGEIFS(f_cnt,f_Day_Type,$B$5,f_Weather,$B$6,f_Month,$B$7,f_Time_Band,$B$8,f_dteday,">="&$B$9,f_dteday,"<="&$B$10,f_Visible,1,f_Day_Name,$E35),0) -> 66.007874 | I35: Cloudy/Mist | J35: =IFERROR(AVERAGEIFS(f_casual,f_Day_Type,$B$5,f_Weather,$B$6,f_Month,$B$7,f_Time_Band,$B$8,f_dteday,">="&$B$9,f_dteday,"<="&$B$10,f_Visible,1,f_Weather,$I35),0) -> 4.9773463 | K35: =IFERROR(AVERAGEIFS(f_registered,f_Day_Type,$B$5,f_Weather,$B$6,f_Month,$B$7,f_Time_Band,$B$8,f_dteday,">="&$B$9,f_dteday,"<="&$B$10,f_Visible,1,f_Weather,$I35),0) -> 53.618123 | L35: =IFERROR(AVERAGEIFS(f_cnt,f_Day_Type,$B$5,f_Weather,$B$6,f_Month,$B$7,f_Time_Band,$B$8,f_dteday,">="&$B$9,f_dteday,"<="&$B$10,f_Visible,1,f_Weather,$I35),0) -> 58.595469 | M35: =COUNTIFS(f_Day_Type,$B$5,f_Weather,$B$6,f_Month,$B$7,f_Time_Band,$B$8,f_dteday,">="&$B$9,f_dteday,"<="&$B$10,f_Visible,1,f_Weather,$I35) -> 309 | O35: Working-day rentals | P35: =SUMIFS(f_cnt,f_Day_Type,$B$5,f_Weather,$B$6,f_Month,$B$7,f_Time_Band,$B$8,f_dteday,">="&$B$9,f_dteday,"<="&$B$10,f_Visible,1,f_Working_Day,"Working Day") -> 41435 | Q35: =(MAX($P$34:$P$37)-P35)/2 -> 8434.5 | R35: =IFERROR(P35/$P$34,0) -> 0.71067165
A36: 2 | B36: =IFERROR(AVERAGEIFS(f_casual,f_Day_Type,$B$5,f_Weather,$B$6,f_Month,$B$7,f_Time_Band,$B$8,f_dteday,">="&$B$9,f_dteday,"<="&$B$10,f_Visible,1,f_hr,$A36),0) -> 0.80487805 | C36: =IFERROR(AVERAGEIFS(f_registered,f_Day_Type,$B$5,f_Weather,$B$6,f_Month,$B$7,f_Time_Band,$B$8,f_dteday,">="&$B$9,f_dteday,"<="&$B$10,f_Visible,1,f_hr,$A36),0) -> 6.3658537 | D36: =IFERROR(AVERAGEIFS(f_cnt,f_Day_Type,$B$5,f_Weather,$B$6,f_Month,$B$7,f_Time_Band,$B$8,f_dteday,">="&$B$9,f_dteday,"<="&$B$10,f_Visible,1,f_hr,$A36),0) -> 7.1707317 | E36: Wed | F36: =IFERROR(AVERAGEIFS(f_casual,f_Day_Type,$B$5,f_Weather,$B$6,f_Month,$B$7,f_Time_Band,$B$8,f_dteday,">="&$B$9,f_dteday,"<="&$B$10,f_Visible,1,f_Day_Name,$E36),0) -> 2.6259542 | G36: =IFERROR(AVERAGEIFS(f_registered,f_Day_Type,$B$5,f_Weather,$B$6,f_Month,$B$7,f_Time_Band,$B$8,f_dteday,">="&$B$9,f_dteday,"<="&$B$10,f_Visible,1,f_Day_Name,$E36),0) -> 58.816794 | H36: =IFERROR(AVERAGEIFS(f_cnt,f_Day_Type,$B$5,f_Weather,$B$6,f_Month,$B$7,f_Time_Band,$B$8,f_dteday,">="&$B$9,f_dteday,"<="&$B$10,f_Visible,1,f_Day_Name,$E36),0) -> 61.442748 | I36: Light Rain/Snow | J36: =IFERROR(AVERAGEIFS(f_casual,f_Day_Type,$B$5,f_Weather,$B$6,f_Month,$B$7,f_Time_Band,$B$8,f_dteday,">="&$B$9,f_dteday,"<="&$B$10,f_Visible,1,f_Weather,$I36),0) -> 2.0357143 | K36: =IFERROR(AVERAGEIFS(f_registered,f_Day_Type,$B$5,f_Weather,$B$6,f_Month,$B$7,f_Time_Band,$B$8,f_dteday,">="&$B$9,f_dteday,"<="&$B$10,f_Visible,1,f_Weather,$I36),0) -> 31.166667 | L36: =IFERROR(AVERAGEIFS(f_cnt,f_Day_Type,$B$5,f_Weather,$B$6,f_Month,$B$7,f_Time_Band,$B$8,f_dteday,">="&$B$9,f_dteday,"<="&$B$10,f_Visible,1,f_Weather,$I36),0) -> 33.202381 | M36: =COUNTIFS(f_Day_Type,$B$5,f_Weather,$B$6,f_Month,$B$7,f_Time_Band,$B$8,f_dteday,">="&$B$9,f_dteday,"<="&$B$10,f_Visible,1,f_Weather,$I36) -> 84 | O36: Working-day peak hours | P36: =SUMIFS(f_cnt,f_Day_Type,$B$5,f_Weather,$B$6,f_Month,$B$7,f_Time_Band,$B$8,f_dteday,">="&$B$9,f_dteday,"<="&$B$10,f_Visible,1,f_Working_Day,"Working Day",f_Peak_Hour,"Peak") -> 25033 | Q36: =(MAX($P$34:$P$37)-P36)/2 -> 16635.5 | R36: =IFERROR(P36/$P$34,0) -> 0.42935305
A37: 3 | B37: =IFERROR(AVERAGEIFS(f_casual,f_Day_Type,$B$5,f_Weather,$B$6,f_Month,$B$7,f_Time_Band,$B$8,f_dteday,">="&$B$9,f_dteday,"<="&$B$10,f_Visible,1,f_hr,$A37),0) -> 1.0967742 | C37: =IFERROR(AVERAGEIFS(f_registered,f_Day_Type,$B$5,f_Weather,$B$6,f_Month,$B$7,f_Time_Band,$B$8,f_dteday,">="&$B$9,f_dteday,"<="&$B$10,f_Visible,1,f_hr,$A37),0) -> 3.7741935 | D37: =IFERROR(AVERAGEIFS(f_cnt,f_Day_Type,$B$5,f_Weather,$B$6,f_Month,$B$7,f_Time_Band,$B$8,f_dteday,">="&$B$9,f_dteday,"<="&$B$10,f_Visible,1,f_hr,$A37),0) -> 4.8709677 | E37: Thu | F37: =IFERROR(AVERAGEIFS(f_casual,f_Day_Type,$B$5,f_Weather,$B$6,f_Month,$B$7,f_Time_Band,$B$8,f_dteday,">="&$B$9,f_dteday,"<="&$B$10,f_Visible,1,f_Day_Name,$E37),0) -> 2.656 | G37: =IFERROR(AVERAGEIFS(f_registered,f_Day_Type,$B$5,f_Weather,$B$6,f_Month,$B$7,f_Time_Band,$B$8,f_dteday,">="&$B$9,f_dteday,"<="&$B$10,f_Visible,1,f_Day_Name,$E37),0) -> 65.008 | H37: =IFERROR(AVERAGEIFS(f_cnt,f_Day_Type,$B$5,f_Weather,$B$6,f_Month,$B$7,f_Time_Band,$B$8,f_dteday,">="&$B$9,f_dteday,"<="&$B$10,f_Visible,1,f_Day_Name,$E37),0) -> 67.664 | I37: Heavy Rain | J37: =IFERROR(AVERAGEIFS(f_casual,f_Day_Type,$B$5,f_Weather,$B$6,f_Month,$B$7,f_Time_Band,$B$8,f_dteday,">="&$B$9,f_dteday,"<="&$B$10,f_Visible,1,f_Weather,$I37),0) -> 1 | K37: =IFERROR(AVERAGEIFS(f_registered,f_Day_Type,$B$5,f_Weather,$B$6,f_Month,$B$7,f_Time_Band,$B$8,f_dteday,">="&$B$9,f_dteday,"<="&$B$10,f_Visible,1,f_Weather,$I37),0) -> 35 | L37: =IFERROR(AVERAGEIFS(f_cnt,f_Day_Type,$B$5,f_Weather,$B$6,f_Month,$B$7,f_Time_Band,$B$8,f_dteday,">="&$B$9,f_dteday,"<="&$B$10,f_Visible,1,f_Weather,$I37),0) -> 36 | M37: =COUNTIFS(f_Day_Type,$B$5,f_Weather,$B$6,f_Month,$B$7,f_Time_Band,$B$8,f_dteday,">="&$B$9,f_dteday,"<="&$B$10,f_Visible,1,f_Weather,$I37) -> 1 | O37: …by registered riders | P37: =SUMIFS(f_registered,f_Day_Type,$B$5,f_Weather,$B$6,f_Month,$B$7,f_Time_Band,$B$8,f_dteday,">="&$B$9,f_dteday,"<="&$B$10,f_Visible,1,f_Working_Day,"Working Day",f_Peak_Hour,"Peak") -> 24182 | Q37: =(MAX($P$34:$P$37)-P37)/2 -> 17061 | R37: =IFERROR(P37/$P$34,0) -> 0.41475714
A38: 4 | B38: =IFERROR(AVERAGEIFS(f_casual,f_Day_Type,$B$5,f_Weather,$B$6,f_Month,$B$7,f_Time_Band,$B$8,f_dteday,">="&$B$9,f_dteday,"<="&$B$10,f_Visible,1,f_hr,$A38),0) -> 0.21875 | C38: =IFERROR(AVERAGEIFS(f_registered,f_Day_Type,$B$5,f_Weather,$B$6,f_Month,$B$7,f_Time_Band,$B$8,f_dteday,">="&$B$9,f_dteday,"<="&$B$10,f_Visible,1,f_hr,$A38),0) -> 1.9375 | D38: =IFERROR(AVERAGEIFS(f_cnt,f_Day_Type,$B$5,f_Weather,$B$6,f_Month,$B$7,f_Time_Band,$B$8,f_dteday,">="&$B$9,f_dteday,"<="&$B$10,f_Visible,1,f_hr,$A38),0) -> 2.15625 | E38: Fri | F38: =IFERROR(AVERAGEIFS(f_casual,f_Day_Type,$B$5,f_Weather,$B$6,f_Month,$B$7,f_Time_Band,$B$8,f_dteday,">="&$B$9,f_dteday,"<="&$B$10,f_Visible,1,f_Day_Name,$E38),0) -> 4 | G38: =IFERROR(AVERAGEIFS(f_registered,f_Day_Type,$B$5,f_Weather,$B$6,f_Month,$B$7,f_Time_Band,$B$8,f_dteday,">="&$B$9,f_dteday,"<="&$B$10,f_Visible,1,f_Day_Name,$E38),0) -> 61.905797 | H38: =IFERROR(AVERAGEIFS(f_cnt,f_Day_Type,$B$5,f_Weather,$B$6,f_Month,$B$7,f_Time_Band,$B$8,f_dteday,">="&$B$9,f_dteday,"<="&$B$10,f_Visible,1,f_Day_Name,$E38),0) -> 65.905797
A39: 5 | B39: =IFERROR(AVERAGEIFS(f_casual,f_Day_Type,$B$5,f_Weather,$B$6,f_Month,$B$7,f_Time_Band,$B$8,f_dteday,">="&$B$9,f_dteday,"<="&$B$10,f_Visible,1,f_hr,$A39),0) -> 0.076923077 | C39: =IFERROR(AVERAGEIFS(f_registered,f_Day_Type,$B$5,f_Weather,$B$6,f_Month,$B$7,f_Time_Band,$B$8,f_dteday,">="&$B$9,f_dteday,"<="&$B$10,f_Visible,1,f_hr,$A39),0) -> 4.1282051 | D39: =IFERROR(AVERAGEIFS(f_cnt,f_Day_Type,$B$5,f_Weather,$B$6,f_Month,$B$7,f_Time_Band,$B$8,f_dteday,">="&$B$9,f_dteday,"<="&$B$10,f_Visible,1,f_hr,$A39),0) -> 4.2051282 | E39: Sat | F39: =IFERROR(AVERAGEIFS(f_casual,f_Day_Type,$B$5,f_Weather,$B$6,f_Month,$B$7,f_Time_Band,$B$8,f_dteday,">="&$B$9,f_dteday,"<="&$B$10,f_Visible,1,f_Day_Name,$E39),0) -> 7.3795181 | G39: =IFERROR(AVERAGEIFS(f_registered,f_Day_Type,$B$5,f_Weather,$B$6,f_Month,$B$7,f_Time_Band,$B$8,f_dteday,">="&$B$9,f_dteday,"<="&$B$10,f_Visible,1,f_Day_Name,$E39),0) -> 39.295181 | H39: =IFERROR(AVERAGEIFS(f_cnt,f_Day_Type,$B$5,f_Weather,$B$6,f_Month,$B$7,f_Time_Band,$B$8,f_dteday,">="&$B$9,f_dteday,"<="&$B$10,f_Visible,1,f_Day_Name,$E39),0) -> 46.674699
A40: 6 | B40: =IFERROR(AVERAGEIFS(f_casual,f_Day_Type,$B$5,f_Weather,$B$6,f_Month,$B$7,f_Time_Band,$B$8,f_dteday,">="&$B$9,f_dteday,"<="&$B$10,f_Visible,1,f_hr,$A40),0) -> 0.5 | C40: =IFERROR(AVERAGEIFS(f_registered,f_Day_Type,$B$5,f_Weather,$B$6,f_Month,$B$7,f_Time_Band,$B$8,f_dteday,">="&$B$9,f_dteday,"<="&$B$10,f_Visible,1,f_hr,$A40),0) -> 19.071429 | D40: =IFERROR(AVERAGEIFS(f_cnt,f_Day_Type,$B$5,f_Weather,$B$6,f_Month,$B$7,f_Time_Band,$B$8,f_dteday,">="&$B$9,f_dteday,"<="&$B$10,f_Visible,1,f_hr,$A40),0) -> 19.571429 | E40: Sun | F40: =IFERROR(AVERAGEIFS(f_casual,f_Day_Type,$B$5,f_Weather,$B$6,f_Month,$B$7,f_Time_Band,$B$8,f_dteday,">="&$B$9,f_dteday,"<="&$B$10,f_Visible,1,f_Day_Name,$E40),0) -> 9.0060976 | G40: =IFERROR(AVERAGEIFS(f_registered,f_Day_Type,$B$5,f_Weather,$B$6,f_Month,$B$7,f_Time_Band,$B$8,f_dteday,">="&$B$9,f_dteday,"<="&$B$10,f_Visible,1,f_Day_Name,$E40),0) -> 40.512195 | H40: =IFERROR(AVERAGEIFS(f_cnt,f_Day_Type,$B$5,f_Weather,$B$6,f_Month,$B$7,f_Time_Band,$B$8,f_dteday,">="&$B$9,f_dteday,"<="&$B$10,f_Visible,1,f_Day_Name,$E40),0) -> 49.518293
A41: 7 | B41: =IFERROR(AVERAGEIFS(f_casual,f_Day_Type,$B$5,f_Weather,$B$6,f_Month,$B$7,f_Time_Band,$B$8,f_dteday,">="&$B$9,f_dteday,"<="&$B$10,f_Visible,1,f_hr,$A41),0) -> 1.4883721 | C41: =IFERROR(AVERAGEIFS(f_registered,f_Day_Type,$B$5,f_Weather,$B$6,f_Month,$B$7,f_Time_Band,$B$8,f_dteday,">="&$B$9,f_dteday,"<="&$B$10,f_Visible,1,f_hr,$A41),0) -> 52.906977 | D41: =IFERROR(AVERAGEIFS(f_cnt,f_Day_Type,$B$5,f_Weather,$B$6,f_Month,$B$7,f_Time_Band,$B$8,f_dteday,">="&$B$9,f_dteday,"<="&$B$10,f_Visible,1,f_hr,$A41),0) -> 54.395349 | O41: Time Band | P41: Avg Total
A42: 8 | B42: =IFERROR(AVERAGEIFS(f_casual,f_Day_Type,$B$5,f_Weather,$B$6,f_Month,$B$7,f_Time_Band,$B$8,f_dteday,">="&$B$9,f_dteday,"<="&$B$10,f_Visible,1,f_hr,$A42),0) -> 3.0238095 | C42: =IFERROR(AVERAGEIFS(f_registered,f_Day_Type,$B$5,f_Weather,$B$6,f_Month,$B$7,f_Time_Band,$B$8,f_dteday,">="&$B$9,f_dteday,"<="&$B$10,f_Visible,1,f_hr,$A42),0) -> 125.2619 | D42: =IFERROR(AVERAGEIFS(f_cnt,f_Day_Type,$B$5,f_Weather,$B$6,f_Month,$B$7,f_Time_Band,$B$8,f_dteday,">="&$B$9,f_dteday,"<="&$B$10,f_Visible,1,f_hr,$A42),0) -> 128.28571 | O42: Night | P42: =IFERROR(AVERAGEIFS(f_cnt,f_Day_Type,$B$5,f_Weather,$B$6,f_Month,$B$7,f_Time_Band,$B$8,f_dteday,">="&$B$9,f_dteday,"<="&$B$10,f_Visible,1,f_Time_Band,$O42),0) -> 8.0393013
A43: 9 | B43: =IFERROR(AVERAGEIFS(f_casual,f_Day_Type,$B$5,f_Weather,$B$6,f_Month,$B$7,f_Time_Band,$B$8,f_dteday,">="&$B$9,f_dteday,"<="&$B$10,f_Visible,1,f_hr,$A43),0) -> 4.0952381 | C43: =IFERROR(AVERAGEIFS(f_registered,f_Day_Type,$B$5,f_Weather,$B$6,f_Month,$B$7,f_Time_Band,$B$8,f_dteday,">="&$B$9,f_dteday,"<="&$B$10,f_Visible,1,f_hr,$A43),0) -> 83.333333 | D43: =IFERROR(AVERAGEIFS(f_cnt,f_Day_Type,$B$5,f_Weather,$B$6,f_Month,$B$7,f_Time_Band,$B$8,f_dteday,">="&$B$9,f_dteday,"<="&$B$10,f_Visible,1,f_hr,$A43),0) -> 87.428571 | O43: Morning | P43: =IFERROR(AVERAGEIFS(f_cnt,f_Day_Type,$B$5,f_Weather,$B$6,f_Month,$B$7,f_Time_Band,$B$8,f_dteday,">="&$B$9,f_dteday,"<="&$B$10,f_Visible,1,f_Time_Band,$O43),0) -> 67.067194
A44: 10 | B44: =IFERROR(AVERAGEIFS(f_casual,f_Day_Type,$B$5,f_Weather,$B$6,f_Month,$B$7,f_Time_Band,$B$8,f_dteday,">="&$B$9,f_dteday,"<="&$B$10,f_Visible,1,f_hr,$A44),0) -> 5.1428571 | C44: =IFERROR(AVERAGEIFS(f_registered,f_Day_Type,$B$5,f_Weather,$B$6,f_Month,$B$7,f_Time_Band,$B$8,f_dteday,">="&$B$9,f_dteday,"<="&$B$10,f_Visible,1,f_hr,$A44),0) -> 48.5 | D44: =IFERROR(AVERAGEIFS(f_cnt,f_Day_Type,$B$5,f_Weather,$B$6,f_Month,$B$7,f_Time_Band,$B$8,f_dteday,">="&$B$9,f_dteday,"<="&$B$10,f_Visible,1,f_hr,$A44),0) -> 53.642857 | O44: Afternoon | P44: =IFERROR(AVERAGEIFS(f_cnt,f_Day_Type,$B$5,f_Weather,$B$6,f_Month,$B$7,f_Time_Band,$B$8,f_dteday,">="&$B$9,f_dteday,"<="&$B$10,f_Visible,1,f_Time_Band,$O44),0) -> 79.347222
A45: 11 | B45: =IFERROR(AVERAGEIFS(f_casual,f_Day_Type,$B$5,f_Weather,$B$6,f_Month,$B$7,f_Time_Band,$B$8,f_dteday,">="&$B$9,f_dteday,"<="&$B$10,f_Visible,1,f_hr,$A45),0) -> 8.7380952 | C45: =IFERROR(AVERAGEIFS(f_registered,f_Day_Type,$B$5,f_Weather,$B$6,f_Month,$B$7,f_Time_Band,$B$8,f_dteday,">="&$B$9,f_dteday,"<="&$B$10,f_Visible,1,f_hr,$A45),0) -> 50.642857 | D45: =IFERROR(AVERAGEIFS(f_cnt,f_Day_Type,$B$5,f_Weather,$B$6,f_Month,$B$7,f_Time_Band,$B$8,f_dteday,">="&$B$9,f_dteday,"<="&$B$10,f_Visible,1,f_hr,$A45),0) -> 59.380952 | O45: Evening | P45: =IFERROR(AVERAGEIFS(f_cnt,f_Day_Type,$B$5,f_Weather,$B$6,f_Month,$B$7,f_Time_Band,$B$8,f_dteday,">="&$B$9,f_dteday,"<="&$B$10,f_Visible,1,f_Time_Band,$O45),0) -> 102.71098
A46: 12 | B46: =IFERROR(AVERAGEIFS(f_casual,f_Day_Type,$B$5,f_Weather,$B$6,f_Month,$B$7,f_Time_Band,$B$8,f_dteday,">="&$B$9,f_dteday,"<="&$B$10,f_Visible,1,f_hr,$A46),0) -> 11.209302 | C46: =IFERROR(AVERAGEIFS(f_registered,f_Day_Type,$B$5,f_Weather,$B$6,f_Month,$B$7,f_Time_Band,$B$8,f_dteday,">="&$B$9,f_dteday,"<="&$B$10,f_Visible,1,f_hr,$A46),0) -> 65.139535 | D46: =IFERROR(AVERAGEIFS(f_cnt,f_Day_Type,$B$5,f_Weather,$B$6,f_Month,$B$7,f_Time_Band,$B$8,f_dteday,">="&$B$9,f_dteday,"<="&$B$10,f_Visible,1,f_hr,$A46),0) -> 76.348837 | O46: Late Evening | P46: =IFERROR(AVERAGEIFS(f_cnt,f_Day_Type,$B$5,f_Weather,$B$6,f_Month,$B$7,f_Time_Band,$B$8,f_dteday,">="&$B$9,f_dteday,"<="&$B$10,f_Visible,1,f_Time_Band,$O46),0) -> 35.55814
A47: 13 | B47: =IFERROR(AVERAGEIFS(f_casual,f_Day_Type,$B$5,f_Weather,$B$6,f_Month,$B$7,f_Time_Band,$B$8,f_dteday,">="&$B$9,f_dteday,"<="&$B$10,f_Visible,1,f_hr,$A47),0) -> 11.930233 | C47: =IFERROR(AVERAGEIFS(f_registered,f_Day_Type,$B$5,f_Weather,$B$6,f_Month,$B$7,f_Time_Band,$B$8,f_dteday,">="&$B$9,f_dteday,"<="&$B$10,f_Visible,1,f_hr,$A47),0) -> 66.581395 | D47: =IFERROR(AVERAGEIFS(f_cnt,f_Day_Type,$B$5,f_Weather,$B$6,f_Month,$B$7,f_Time_Band,$B$8,f_dteday,">="&$B$9,f_dteday,"<="&$B$10,f_Visible,1,f_hr,$A47),0) -> 78.511628
A48: 14 | B48: =IFERROR(AVERAGEIFS(f_casual,f_Day_Type,$B$5,f_Weather,$B$6,f_Month,$B$7,f_Time_Band,$B$8,f_dteday,">="&$B$9,f_dteday,"<="&$B$10,f_Visible,1,f_hr,$A48),0) -> 10.837209 | C48: =IFERROR(AVERAGEIFS(f_registered,f_Day_Type,$B$5,f_Weather,$B$6,f_Month,$B$7,f_Time_Band,$B$8,f_dteday,">="&$B$9,f_dteday,"<="&$B$10,f_Visible,1,f_hr,$A48),0) -> 63.581395 | D48: =IFERROR(AVERAGEIFS(f_cnt,f_Day_Type,$B$5,f_Weather,$B$6,f_Month,$B$7,f_Time_Band,$B$8,f_dteday,">="&$B$9,f_dteday,"<="&$B$10,f_Visible,1,f_hr,$A48),0) -> 74.418605
A49: 15 | B49: =IFERROR(AVERAGEIFS(f_casual,f_Day_Type,$B$5,f_Weather,$B$6,f_Month,$B$7,f_Time_Band,$B$8,f_dteday,">="&$B$9,f_dteday,"<="&$B$10,f_Visible,1,f_hr,$A49),0) -> 12.465116 | C49: =IFERROR(AVERAGEIFS(f_registered,f_Day_Type,$B$5,f_Weather,$B$6,f_Month,$B$7,f_Time_Band,$B$8,f_dteday,">="&$B$9,f_dteday,"<="&$B$10,f_Visible,1,f_hr,$A49),0) -> 65.488372 | D49: =IFERROR(AVERAGEIFS(f_cnt,f_Day_Type,$B$5,f_Weather,$B$6,f_Month,$B$7,f_Time_Band,$B$8,f_dteday,">="&$B$9,f_dteday,"<="&$B$10,f_Visible,1,f_hr,$A49),0) -> 77.953488
A50: 16 | B50: =IFERROR(AVERAGEIFS(f_casual,f_Day_Type,$B$5,f_Weather,$B$6,f_Month,$B$7,f_Time_Band,$B$8,f_dteday,">="&$B$9,f_dteday,"<="&$B$10,f_Visible,1,f_hr,$A50),0) -> 11.204545 | C50: =IFERROR(AVERAGEIFS(f_registered,f_Day_Type,$B$5,f_Weather,$B$6,f_Month,$B$7,f_Time_Band,$B$8,f_dteday,">="&$B$9,f_dteday,"<="&$B$10,f_Visible,1,f_hr,$A50),0) -> 78.068182 | D50: =IFERROR(AVERAGEIFS(f_cnt,f_Day_Type,$B$5,f_Weather,$B$6,f_Month,$B$7,f_Time_Band,$B$8,f_dteday,">="&$B$9,f_dteday,"<="&$B$10,f_Visible,1,f_hr,$A50),0) -> 89.272727
A51: 17 | B51: =IFERROR(AVERAGEIFS(f_casual,f_Day_Type,$B$5,f_Weather,$B$6,f_Month,$B$7,f_Time_Band,$B$8,f_dteday,">="&$B$9,f_dteday,"<="&$B$10,f_Visible,1,f_hr,$A51),0) -> 8.9772727 | C51: =IFERROR(AVERAGEIFS(f_registered,f_Day_Type,$B$5,f_Weather,$B$6,f_Month,$B$7,f_Time_Band,$B$8,f_dteday,">="&$B$9,f_dteday,"<="&$B$10,f_Visible,1,f_hr,$A51),0) -> 131.22727 | D51: =IFERROR(AVERAGEIFS(f_cnt,f_Day_Type,$B$5,f_Weather,$B$6,f_Month,$B$7,f_Time_Band,$B$8,f_dteday,">="&$B$9,f_dteday,"<="&$B$10,f_Visible,1,f_hr,$A51),0) -> 140.20455
A52: 18 | B52: =IFERROR(AVERAGEIFS(f_casual,f_Day_Type,$B$5,f_Weather,$B$6,f_Month,$B$7,f_Time_Band,$B$8,f_dteday,">="&$B$9,f_dteday,"<="&$B$10,f_Visible,1,f_hr,$A52),0) -> 5.1627907 | C52: =IFERROR(AVERAGEIFS(f_registered,f_Day_Type,$B$5,f_Weather,$B$6,f_Month,$B$7,f_Time_Band,$B$8,f_dteday,">="&$B$9,f_dteday,"<="&$B$10,f_Visible,1,f_hr,$A52),0) -> 117.69767 | D52: =IFERROR(AVERAGEIFS(f_cnt,f_Day_Type,$B$5,f_Weather,$B$6,f_Month,$B$7,f_Time_Band,$B$8,f_dteday,">="&$B$9,f_dteday,"<="&$B$10,f_Visible,1,f_hr,$A52),0) -> 122.86047
A53: 19 | B53: =IFERROR(AVERAGEIFS(f_casual,f_Day_Type,$B$5,f_Weather,$B$6,f_Month,$B$7,f_Time_Band,$B$8,f_dteday,">="&$B$9,f_dteday,"<="&$B$10,f_Visible,1,f_hr,$A53),0) -> 4.3488372 | C53: =IFERROR(AVERAGEIFS(f_registered,f_Day_Type,$B$5,f_Weather,$B$6,f_Month,$B$7,f_Time_Band,$B$8,f_dteday,">="&$B$9,f_dteday,"<="&$B$10,f_Visible,1,f_hr,$A53),0) -> 80.790698 | D53: =IFERROR(AVERAGEIFS(f_cnt,f_Day_Type,$B$5,f_Weather,$B$6,f_Month,$B$7,f_Time_Band,$B$8,f_dteday,">="&$B$9,f_dteday,"<="&$B$10,f_Visible,1,f_hr,$A53),0) -> 85.139535
A54: 20 | B54: =IFERROR(AVERAGEIFS(f_casual,f_Day_Type,$B$5,f_Weather,$B$6,f_Month,$B$7,f_Time_Band,$B$8,f_dteday,">="&$B$9,f_dteday,"<="&$B$10,f_Visible,1,f_hr,$A54),0) -> 3.255814 | C54: =IFERROR(AVERAGEIFS(f_registered,f_Day_Type,$B$5,f_Weather,$B$6,f_Month,$B$7,f_Time_Band,$B$8,f_dteday,">="&$B$9,f_dteday,"<="&$B$10,f_Visible,1,f_hr,$A54),0) -> 58.511628 | D54: =IFERROR(AVERAGEIFS(f_cnt,f_Day_Type,$B$5,f_Weather,$B$6,f_Month,$B$7,f_Time_Band,$B$8,f_dteday,">="&$B$9,f_dteday,"<="&$B$10,f_Visible,1,f_hr,$A54),0) -> 61.767442
A55: 21 | B55: =IFERROR(AVERAGEIFS(f_casual,f_Day_Type,$B$5,f_Weather,$B$6,f_Month,$B$7,f_Time_Band,$B$8,f_dteday,">="&$B$9,f_dteday,"<="&$B$10,f_Visible,1,f_hr,$A55),0) -> 2.7209302 | C55: =IFERROR(AVERAGEIFS(f_registered,f_Day_Type,$B$5,f_Weather,$B$6,f_Month,$B$7,f_Time_Band,$B$8,f_dteday,">="&$B$9,f_dteday,"<="&$B$10,f_Visible,1,f_hr,$A55),0) -> 43.697674 | D55: =IFERROR(AVERAGEIFS(f_cnt,f_Day_Type,$B$5,f_Weather,$B$6,f_Month,$B$7,f_Time_Band,$B$8,f_dteday,">="&$B$9,f_dteday,"<="&$B$10,f_Visible,1,f_hr,$A55),0) -> 46.418605
A56: 22 | B56: =IFERROR(AVERAGEIFS(f_casual,f_Day_Type,$B$5,f_Weather,$B$6,f_Month,$B$7,f_Time_Band,$B$8,f_dteday,">="&$B$9,f_dteday,"<="&$B$10,f_Visible,1,f_hr,$A56),0) -> 2.3953488 | C56: =IFERROR(AVERAGEIFS(f_registered,f_Day_Type,$B$5,f_Weather,$B$6,f_Month,$B$7,f_Time_Band,$B$8,f_dteday,">="&$B$9,f_dteday,"<="&$B$10,f_Visible,1,f_hr,$A56),0) -> 32.674419 | D56: =IFERROR(AVERAGEIFS(f_cnt,f_Day_Type,$B$5,f_Weather,$B$6,f_Month,$B$7,f_Time_Band,$B$8,f_dteday,">="&$B$9,f_dteday,"<="&$B$10,f_Visible,1,f_hr,$A56),0) -> 35.069767
A57: 23 | B57: =IFERROR(AVERAGEIFS(f_casual,f_Day_Type,$B$5,f_Weather,$B$6,f_Month,$B$7,f_Time_Band,$B$8,f_dteday,">="&$B$9,f_dteday,"<="&$B$10,f_Visible,1,f_hr,$A57),0) -> 2.3488372 | C57: =IFERROR(AVERAGEIFS(f_registered,f_Day_Type,$B$5,f_Weather,$B$6,f_Month,$B$7,f_Time_Band,$B$8,f_dteday,">="&$B$9,f_dteday,"<="&$B$10,f_Visible,1,f_hr,$A57),0) -> 22.837209 | D57: =IFERROR(AVERAGEIFS(f_cnt,f_Day_Type,$B$5,f_Weather,$B$6,f_Month,$B$7,f_Time_Band,$B$8,f_dteday,">="&$B$9,f_dteday,"<="&$B$10,f_Visible,1,f_hr,$A57),0) -> 25.186047
A60: Date | B60: Total Rentals | C60: Registered | D60: Casual
A61: 40544 | B61: =SUMIFS(f_cnt,f_Day_Type,$B$5,f_Weather,$B$6,f_Month,$B$7,f_Time_Band,$B$8,f_dteday,">="&$B$9,f_dteday,"<="&$B$10,f_Visible,1,f_dteday,$A61) -> 985 | C61: =SUMIFS(f_registered,f_Day_Type,$B$5,f_Weather,$B$6,f_Month,$B$7,f_Time_Band,$B$8,f_dteday,">="&$B$9,f_dteday,"<="&$B$10,f_Visible,1,f_dteday,$A61) -> 654 | D61: =SUMIFS(f_casual,f_Day_Type,$B$5,f_Weather,$B$6,f_Month,$B$7,f_Time_Band,$B$8,f_dteday,">="&$B$9,f_dteday,"<="&$B$10,f_Visible,1,f_dteday,$A61) -> 331
A62: 40545 | B62: =SUMIFS(f_cnt,f_Day_Type,$B$5,f_Weather,$B$6,f_Month,$B$7,f_Time_Band,$B$8,f_dteday,">="&$B$9,f_dteday,"<="&$B$10,f_Visible,1,f_dteday,$A62) -> 801 | C62: =SUMIFS(f_registered,f_Day_Type,$B$5,f_Weather,$B$6,f_Month,$B$7,f_Time_Band,$B$8,f_dteday,">="&$B$9,f_dteday,"<="&$B$10,f_Visible,1,f_dteday,$A62) -> 670 | D62: =SUMIFS(f_casual,f_Day_Type,$B$5,f_Weather,$B$6,f_Month,$B$7,f_Time_Band,$B$8,f_dteday,">="&$B$9,f_dteday,"<="&$B$10,f_Visible,1,f_dteday,$A62) -> 131
A63: 40546 | B63: =SUMIFS(f_cnt,f_Day_Type,$B$5,f_Weather,$B$6,f_Month,$B$7,f_Time_Band,$B$8,f_dteday,">="&$B$9,f_dteday,"<="&$B$10,f_Visible,1,f_dteday,$A63) -> 1349 | C63: =SUMIFS(f_registered,f_Day_Type,$B$5,f_Weather,$B$6,f_Month,$B$7,f_Time_Band,$B$8,f_dteday,">="&$B$9,f_dteday,"<="&$B$10,f_Visible,1,f_dteday,$A63) -> 1229 | D63: =SUMIFS(f_casual,f_Day_Type,$B$5,f_Weather,$B$6,f_Month,$B$7,f_Time_Band,$B$8,f_dteday,">="&$B$9,f_dteday,"<="&$B$10,f_Visible,1,f_dteday,$A63) -> 120
A64: 40547 | B64: =SUMIFS(f_cnt,f_Day_Type,$B$5,f_Weather,$B$6,f_Month,$B$7,f_Time_Band,$B$8,f_dteday,">="&$B$9,f_dteday,"<="&$B$10,f_Visible,1,f_dteday,$A64) -> 1562 | C64: =SUMIFS(f_registered,f_Day_Type,$B$5,f_Weather,$B$6,f_Month,$B$7,f_Time_Band,$B$8,f_dteday,">="&$B$9,f_dteday,"<="&$B$10,f_Visible,1,f_dteday,$A64) -> 1454 | D64: =SUMIFS(f_casual,f_Day_Type,$B$5,f_Weather,$B$6,f_Month,$B$7,f_Time_Band,$B$8,f_dteday,">="&$B$9,f_dteday,"<="&$B$10,f_Visible,1,f_dteday,$A64) -> 108
A65: 40548 | B65: =SUMIFS(f_cnt,f_Day_Type,$B$5,f_Weather,$B$6,f_Month,$B$7,f_Time_Band,$B$8,f_dteday,">="&$B$9,f_dteday,"<="&$B$10,f_Visible,1,f_dteday,$A65) -> 1600 | C65: =SUMIFS(f_registered,f_Day_Type,$B$5,f_Weather,$B$6,f_Month,$B$7,f_Time_Band,$B$8,f_dteday,">="&$B$9,f_dteday,"<="&$B$10,f_Visible,1,f_dteday,$A65) -> 1518 | D65: =SUMIFS(f_casual,f_Day_Type,$B$5,f_Weather,$B$6,f_Month,$B$7,f_Time_Band,$B$8,f_dteday,">="&$B$9,f_dteday,"<="&$B$10,f_Visible,1,f_dteday,$A65) -> 82
A66: 40549 | B66: =SUMIFS(f_cnt,f_Day_Type,$B$5,f_Weather,$B$6,f_Month,$B$7,f_Time_Band,$B$8,f_dteday,">="&$B$9,f_dteday,"<="&$B$10,f_Visible,1,f_dteday,$A66) -> 1606 | C66: =SUMIFS(f_registered,f_Day_Type,$B$5,f_Weather,$B$6,f_Month,$B$7,f_Time_Band,$B$8,f_dteday,">="&$B$9,f_dteday,"<="&$B$10,f_Visible,1,f_dteday,$A66) -> 1518 | D66: =SUMIFS(f_casual,f_Day_Type,$B$5,f_Weather,$B$6,f_Month,$B$7,f_Time_Band,$B$8,f_dteday,">="&$B$9,f_dteday,"<="&$B$10,f_Visible,1,f_dteday,$A66) -> 88
A67: 40550 | B67: =SUMIFS(f_cnt,f_Day_Type,$B$5,f_Weather,$B$6,f_Month,$B$7,f_Time_Band,$B$8,f_dteday,">="&$B$9,f_dteday,"<="&$B$10,f_Visible,1,f_dteday,$A67) -> 1510 | C67: =SUMIFS(f_registered,f_Day_Type,$B$5,f_Weather,$B$6,f_Month,$B$7,f_Time_Band,$B$8,f_dteday,">="&$B$9,f_dteday,"<="&$B$10,f_Visible,1,f_dteday,$A67) -> 1362 | D67: =SUMIFS(f_casual,f_Day_Type,$B$5,f_Weather,$B$6,f_Month,$B$7,f_Time_Band,$B$8,f_dteday,">="&$B$9,f_dteday,"<="&$B$10,f_Visible,1,f_dteday,$A67) -> 148
A68: 40551 | B68: =SUMIFS(f_cnt,f_Day_Type,$B$5,f_Weather,$B$6,f_Month,$B$7,f_Time_Band,$B$8,f_dteday,">="&$B$9,f_dteday,"<="&$B$10,f_Visible,1,f_dteday,$A68) -> 959 | C68: =SUMIFS(f_registered,f_Day_Type,$B$5,f_Weather,$B$6,f_Month,$B$7,f_Time_Band,$B$8,f_dteday,">="&$B$9,f_dteday,"<="&$B$10,f_Visible,1,f_dteday,$A68) -> 891 | D68: =SUMIFS(f_casual,f_Day_Type,$B$5,f_Weather,$B$6,f_Month,$B$7,f_Time_Band,$B$8,f_dteday,">="&$B$9,f_dteday,"<="&$B$10,f_Visible,1,f_dteday,$A68) -> 68
A69: 40552 | B69: =SUMIFS(f_cnt,f_Day_Type,$B$5,f_Weather,$B$6,f_Month,$B$7,f_Time_Band,$B$8,f_dteday,">="&$B$9,f_dteday,"<="&$B$10,f_Visible,1,f_dteday,$A69) -> 822 | C69: =SUMIFS(f_registered,f_Day_Type,$B$5,f_Weather,$B$6,f_Month,$B$7,f_Time_Band,$B$8,f_dteday,">="&$B$9,f_dteday,"<="&$B$10,f_Visible,1,f_dteday,$A69) -> 768 | D69: =SUMIFS(f_casual,f_Day_Type,$B$5,f_Weather,$B$6,f_Month,$B$7,f_Time_Band,$B$8,f_dteday,">="&$B$9,f_dteday,"<="&$B$10,f_Visible,1,f_dteday,$A69) -> 54
A70: 40553 | B70: =SUMIFS(f_cnt,f_Day_Type,$B$5,f_Weather,$B$6,f_Month,$B$7,f_Time_Band,$B$8,f_dteday,">="&$B$9,f_dteday,"<="&$B$10,f_Visible,1,f_dteday,$A70) -> 1321 | C70: =SUMIFS(f_registered,f_Day_Type,$B$5,f_Weather,$B$6,f_Month,$B$7,f_Time_Band,$B$8,f_dteday,">="&$B$9,f_dteday,"<="&$B$10,f_Visible,1,f_dteday,$A70) -> 1280 | D70: =SUMIFS(f_casual,f_Day_Type,$B$5,f_Weather,$B$6,f_Month,$B$7,f_Time_Band,$B$8,f_dteday,">="&$B$9,f_dteday,"<="&$B$10,f_Visible,1,f_dteday,$A70) -> 41
A71: 40554 | B71: =SUMIFS(f_cnt,f_Day_Type,$B$5,f_Weather,$B$6,f_Month,$B$7,f_Time_Band,$B$8,f_dteday,">="&$B$9,f_dteday,"<="&$B$10,f_Visible,1,f_dteday,$A71) -> 1263 | C71: =SUMIFS(f_registered,f_Day_Type,$B$5,f_Weather,$B$6,f_Month,$B$7,f_Time_Band,$B$8,f_dteday,">="&$B$9,f_dteday,"<="&$B$10,f_Visible,1,f_dteday,$A71) -> 1220 | D71: =SUMIFS(f_casual,f_Day_Type,$B$5,f_Weather,$B$6,f_Month,$B$7,f_Time_Band,$B$8,f_dteday,">="&$B$9,f_dteday,"<="&$B$10,f_Visible,1,f_dteday,$A71) -> 43
A72: 40555 | B72: =SUMIFS(f_cnt,f_Day_Type,$B$5,f_Weather,$B$6,f_Month,$B$7,f_Time_Band,$B$8,f_dteday,">="&$B$9,f_dteday,"<="&$B$10,f_Visible,1,f_dteday,$A72) -> 1162 | C72: =SUMIFS(f_registered,f_Day_Type,$B$5,f_Weather,$B$6,f_Month,$B$7,f_Time_Band,$B$8,f_dteday,">="&$B$9,f_dteday,"<="&$B$10,f_Visible,1,f_dteday,$A72) -> 1137 | D72: =SUMIFS(f_casual,f_Day_Type,$B$5,f_Weather,$B$6,f_Month,$B$7,f_Time_Band,$B$8,f_dteday,">="&$B$9,f_dteday,"<="&$B$10,f_Visible,1,f_dteday,$A72) -> 25
... A105: 40588 | B105: =SUMIFS(f_cnt,f_Day_Type,$B$5,f_Weather,$B$6,f_Month,$B$7,f_Time_Band,$B$8,f_dteday,">="&$B$9,f_dteday,"<="&$B$10,f_Visible,1,f_dteday,$A105) -> 151 | C105: =SUMIFS(f_registered,f_Day_Type,$B$5,f_Weather,$B$6,f_Month,$B$7,f_Time_Band,$B$8,f_dteday,">="&$B$9,f_dteday,"<="&$B$10,f_Visible,1,f_dteday,$A105) -> 143 | D105: =SUMIFS(f_casual,f_Day_Type,$B$5,f_Weather,$B$6,f_Month,$B$7,f_Time_Band,$B$8,f_dteday,">="&$B$9,f_dteday,"<="&$B$10,f_Visible,1,f_dteday,$A105) -> 8
